filename,has_mite
2017-08-28_16-32-55_30_sec-mp4-bee_id_6686-900-1_png.rf.2f7d5fa0ee03866efc871fc3a61e3334.jpg,TRUE
2017-08-30_15-42-59-mp4-bee_id_9232-4830-1_png.rf.baf705c194375a063a90c4a2ffc10254.jpg,FALSE
2017-10-17_16-41-10-mp4-bee_id_6940-2115-1_png.rf.bbda5e7de32c0b81e876e412de862f78.jpg,FALSE
2017-10-17_1-39-36-mp4-bee_id_3468-105-1_png.rf.42dff934581e3b8b9e329479860fc956.jpg,FALSE
2017-08-30_15-42-59-mp4-bee_id_9226-4545-1_png.rf.f1bc72ebd3f2f062eafaf81c599f1516.jpg,FALSE
2017-09-25_16-03-38-mp4-bee_id_231-45-1_png.rf.2ea73a9c21c86853020aca7d8022316a.jpg,FALSE
2017-08-30_15-42-59-mp4-bee_id_9261-6090-1_png.rf.fd905e70344844b6822a616b10b451fe.jpg,FALSE
2017-08-30_15-42-59-mp4-bee_id_9353-12795-1_png.rf.c2a81c61cd7e51c5a13bce0e73e3a88b.jpg,FALSE
2017-10-17_16-41-10-mp4-bee_id_6931-1860-1_png.rf.249e8677946294a05725bcf636703fd9.jpg,FALSE
2017-08-30_15-42-59-mp4-bee_id_9375-15510-1_png.rf.ea678118574d58d69f883006c6f7c308.jpg,FALSE
2017-08-30_15-42-59-mp4-bee_id_9115-1095-1_png.rf.7c9680b68d9335991b2a601e692475da.jpg,TRUE
2017-08-28_16-32-55_30_sec-mp4-bee_id_6658-315-1_png.rf.e5dd303b85c03d54d9a4d5668d5e7357.jpg,TRUE
2017-08-30_15-42-59-mp4-bee_id_9373-15270-1_png.rf.1632b3c8dffae1714f2c83ef6887e99e.jpg,FALSE
2017-08-30_15-42-59-mp4-bee_id_9361-14355-1_png.rf.24f2b0d82c1c9c0040eb50a13f1083b7.jpg,FALSE
2017-08-30_15-42-59-mp4-bee_id_9250-5595-1_png.rf.19fcb7dd5b809ca8050a172b42f95a20.jpg,FALSE
2017-09-01_3-01-01-mp4-bee_id_2403-57000-1_png.rf.cce42b57ee34216b6b0bf6b2eb0de623.jpg,FALSE
2017-08-30_15-42-59-mp4-bee_id_9176-3045-1_png.rf.a3fac078857584c158138db91d75c286.jpg,FALSE
2017-08-30_15-42-59-mp4-bee_id_9421-18900-1_png.rf.b19f3c25986fc131fb1b89c8fb6e63c2.jpg,FALSE
2017-08-30_15-42-59-mp4-bee_id_9110-780-1_png.rf.d9a64956eb4d592bb40f4325abe75498.jpg,TRUE
2017-08-30_15-42-59-mp4-bee_id_9437-22905-1_png.rf.79a68d9d05baf4ac69d22a2e0a2757a9.jpg,FALSE
2017-08-30_15-42-59-mp4-bee_id_9306-8205-1_png.rf.4d0de03c5e1fdaa93e6c5c6815c126c8.jpg,FALSE
2017-08-30_15-42-59-mp4-bee_id_9343-11700-1_png.rf.203387c57ee6ff8132804901d1ccc2fe.jpg,FALSE
2017-08-30_15-42-59-mp4-bee_id_9369-15030-1_png.rf.0ed6b343622efdbd1b7048ab776f4bf6.jpg,FALSE
2017-10-17_16-41-10-mp4-bee_id_7009-4350-1_png.rf.87b893f62ccd1262c7dad80c641bd1bc.jpg,FALSE
2017-09-25_16-03-38-mp4-bee_id_264-2835-1_png.rf.29f96adfde9197cdf2581ff9e7f80e54.jpg,FALSE
2017-08-30_15-42-59-mp4-bee_id_9274-6630-1_png.rf.57ce95b305b6c027c9e07a8d50f382c8.jpg,TRUE
2017-08-30_15-42-59-mp4-bee_id_9388-16320-1_png.rf.b04746a21ff1852e2c107af3cbd3bee2.jpg,FALSE
2017-08-30_15-42-59-mp4-bee_id_9381-15840-1_png.rf.0af59bd2cd3a8cb6e655934483ddf4ff.jpg,TRUE
2017-08-30_15-42-59-mp4-bee_id_9215-4245-1_png.rf.e11221326c16b6a21ab6cbf0025a3336.jpg,FALSE
2017-09-01_3-01-01-mp4-bee_id_2283-47325-1_png.rf.b1b70a82dcd5ff6f90711c732581cc03.jpg,TRUE
2017-09-25_16-03-38-mp4-bee_id_283-5385-1_png.rf.2a4f032eb9cc5872d8cebe96081a1781.jpg,FALSE
2017-09-01_3-01-01-mp4-bee_id_2362-53670-1_png.rf.01a037ba24dd9533ae2217416fad8dbf.jpg,TRUE
2017-08-30_15-42-59-mp4-bee_id_9424-19800-1_png.rf.1481631ff4679221603486e9fea15fdf.jpg,FALSE
2017-08-30_15-42-59-mp4-bee_id_9397-17385-1_png.rf.658801583e56b43e8a60bf62426c37d8.jpg,FALSE
2017-10-17_16-41-10-mp4-bee_id_6995-3975-1_png.rf.ba990a623d6f67d12e886b2c3e2f2249.jpg,FALSE
2017-08-30_15-42-59-mp4-bee_id_9123-1245-1_png.rf.99c036603566b57a969f08deea64f551.jpg,FALSE
2017-08-30_15-42-59-mp4-bee_id_9094-270-1_png.rf.4bc569759d3bcb6cf960fa08ddcf0bb3.jpg,FALSE
2017-09-01_10-54-26-mp4-bee_id_7791-7710-1_png.rf.f7cf3ae217d1e5bbed361558fc64b475.jpg,TRUE
2017-08-30_15-42-59-mp4-bee_id_9315-8490-1_png.rf.cb9ca95acd4672ad034de3936afa77bf.jpg,TRUE
2017-10-17_1-39-36-mp4-bee_id_3478-285-1_png.rf.c6befcf2a6a4adaed9651bd82e36a1cc.jpg,FALSE
2017-09-01_3-01-01-mp4-bee_id_2295-48750-1_png.rf.107c0b9e3e8d38c130b5d902996a2477.jpg,TRUE
2017-08-28_16-31-55-mp4-bee_id_2769-30-1_png.rf.a2a9f3c8cfcb442a6bdf5c92c2417153.jpg,TRUE
2017-08-30_15-42-59-mp4-bee_id_9119-1185-1_png.rf.0ee06e6ac46dce76dad27dc63bd0ceb9.jpg,FALSE
2017-10-17_16-41-10-mp4-bee_id_7033-4950-1_png.rf.6e3ce74547c099dcb813331db35e6f98.jpg,FALSE
2017-08-30_15-42-59-mp4-bee_id_9430-21510-1_png.rf.c91a83fd8875e28518801c8f703ef50a.jpg,FALSE
2017-08-30_15-42-59-mp4-bee_id_9304-8070-1_png.rf.af5a62c3aa34dbcd079a3fe2ed150d0a.jpg,FALSE
2017-09-01_10-54-26-mp4-bee_id_7756-2535-1_png.rf.450557200d74c51e1948973b8e58ff8c.jpg,TRUE
2017-10-17_1-39-36-mp4-bee_id_3499-735-1_png.rf.89cabfd27dad2325c8253f05dc2454e9.jpg,FALSE
2017-10-17_1-39-36-mp4-bee_id_3483-315-1_png.rf.acfe7b8fc7c6d14c32e06d802a1367c6.jpg,FALSE
2017-08-30_15-42-59-mp4-bee_id_9200-3735-1_png.rf.0f04319fc2b9801f86ae78b5174c09fc.jpg,FALSE
2017-10-17_1-39-36-mp4-bee_id_3494-570-1_png.rf.a35d0e06e65791868163183799ec70c8.jpg,FALSE
2017-08-30_15-42-59-mp4-bee_id_9116-1140-1_png.rf.29b54e78ad0eaea5bfdbdb5e7cc05bef.jpg,FALSE
2017-10-17_16-41-10-mp4-bee_id_6904-1035-1_png.rf.5673eb93b722edde301a46e2ed56c0ce.jpg,FALSE
2017-10-17_16-41-10-mp4-bee_id_6893-690-1_png.rf.1179d8719e4ab2c9173b9b3e89101a3c.jpg,FALSE
2017-09-01_3-01-01-mp4-bee_id_2261-43380-1_png.rf.7fde84c99f51f1e968b7cfc2bcdacbd2.jpg,TRUE
2017-08-30_15-42-59-mp4-bee_id_9363-14835-1_png.rf.50dd6572946aae1807e5b8d33d690274.jpg,FALSE
2017-10-17_16-41-10-mp4-bee_id_6961-2910-1_png.rf.b2945b07ad49cd8f38789635da52598d.jpg,FALSE
2017-09-25_16-03-38-mp4-bee_id_268-3180-1_png.rf.c6009aad6479b9cb7577b635ddf6a1ef.jpg,TRUE
2017-08-30_15-42-59-mp4-bee_id_9380-15825-1_png.rf.cc1684597760145d6c081dd72f7c2617.jpg,TRUE
2017-08-30_15-42-59-mp4-bee_id_9399-17520-1_png.rf.cd773875b7ae661d2511ce3c8c4ff2ae.jpg,FALSE
2017-09-01_3-01-01-mp4-bee_id_2397-56550-1_png.rf.a60267b361158aeb3d7ddcb445d31876.jpg,FALSE
2017-08-30_15-42-59-mp4-bee_id_9283-7275-1_png.rf.febf4625a8e0b46aadd87b1bcc15a4a4.jpg,FALSE
2017-10-17_16-41-10-mp4-bee_id_6915-1380-1_png.rf.dc9f7df0085428d0f9c130f45309cbfe.jpg,FALSE
2017-09-25_16-03-38-mp4-bee_id_257-2265-1_png.rf.dd6829b5c44cbc481592eb2856fb3bff.jpg,FALSE
2017-09-01_3-01-01-mp4-bee_id_2250-20280-1_png.rf.20dbeb66557c0affb393b6edec84189a.jpg,TRUE
2017-08-30_15-42-59-mp4-bee_id_9341-11610-1_png.rf.a38fcfccf07736e1cb0af5bbd148f5c0.jpg,TRUE
2017-09-25_16-03-38-mp4-bee_id_234-75-1_png.rf.8e3edce77af90683164c507a7980e264.jpg,FALSE
2017-09-01_3-01-01-mp4-bee_id_2356-52755-1_png.rf.c6836c87790c4b191947ad156cab3dde.jpg,TRUE
2017-09-01_3-01-01-mp4-bee_id_2400-56775-1_png.rf.90a987af1167f4b1d4db5dd9502e404f.jpg,TRUE
2017-09-01_3-01-01-mp4-bee_id_2325-50145-1_png.rf.a899b65fff626539b6acc2db47b25e55.jpg,TRUE
2017-10-17_16-41-10-mp4-bee_id_6866-75-1_png.rf.4d39ff2ccf562f47fd1ff4d5dd447b02.jpg,FALSE
2017-09-01_3-01-01-mp4-bee_id_2251-21180-1_png.rf.81ee7cd03da20f76b0406c0b18197391.jpg,TRUE
2017-09-01_3-01-01-mp4-bee_id_2334-50595-1_png.rf.ac47068eadd17237883ea44880640482.jpg,TRUE
2017-08-30_15-42-59-mp4-bee_id_9204-3915-1_png.rf.ff6ee87c5d5a73c1fd0242dc9daca508.jpg,FALSE
2017-08-30_15-42-59-mp4-bee_id_9339-11085-1_png.rf.d8fa769afa8ffaf52c116b5d477e120e.jpg,FALSE
2017-09-01_10-54-26-mp4-bee_id_7766-4590-1_png.rf.5f523c9c4e63c4729ced6d126f0c51e3.jpg,FALSE
2017-10-17_16-41-10-mp4-bee_id_6953-2655-1_png.rf.13d7d33fba841294e2ad66ea909cf663.jpg,FALSE
2017-08-30_15-42-59-mp4-bee_id_9247-5565-1_png.rf.e8fab46e7209da04dfdc5cc09a90657a.jpg,FALSE
2017-10-17_1-39-36-mp4-bee_id_3502-825-1_png.rf.7771ee80d7c3add9f2dfd76586c24ecd.jpg,FALSE
2017-09-01_10-54-26-mp4-bee_id_7788-7155-1_png.rf.f028f60f28a108a80f373201ceb9162c.jpg,TRUE
2017-08-30_15-42-59-mp4-bee_id_9085-15-1_png.rf.15aa9f2cab3b790cccfd17b9da7ae02f.jpg,FALSE
2017-08-30_15-42-59-mp4-bee_id_9112-915-1_png.rf.c3d7cbc3c131236aa19908882e3890d4.jpg,FALSE
2017-08-30_15-42-59-mp4-bee_id_9392-16680-1_png.rf.41ec3862b2aa7e7fdfa1c78624d5f2f6.jpg,FALSE
2017-08-30_15-42-59-mp4-bee_id_9182-3165-1_png.rf.1b1dd56d58ed4e912076db5367f98df2.jpg,FALSE
2017-10-17_16-41-10-mp4-bee_id_6981-3570-1_png.rf.8e0d13ab1cc77e9823fd958019f56bf2.jpg,TRUE
2017-08-30_15-42-59-mp4-bee_id_9429-20220-1_png.rf.65cad334f69bd6267d9d281d2b0eab2b.jpg,TRUE
2017-09-01_3-01-01-mp4-bee_id_2318-49740-1_png.rf.14a552af172626caeb547dfeb6aee21f.jpg,TRUE
2017-08-30_15-42-59-mp4-bee_id_9132-1470-1_png.rf.3503bc0b5e700370a36042228c788741.jpg,FALSE
2017-08-28_16-32-55_30_sec-mp4-bee_id_6665-510-1_png.rf.a11976abb95b0383dbf3f29f751d4ecb.jpg,TRUE
2017-08-30_15-42-59-mp4-bee_id_9294-7680-1_png.rf.78b99eb25dc78d7b0017860f0b0b0ef8.jpg,FALSE
2017-10-17_16-41-10-mp4-bee_id_7017-4455-1_png.rf.8f30bbf66989e5d82475729a35af8d2f.jpg,FALSE
2017-08-30_15-42-59-mp4-bee_id_9351-12765-1_png.rf.1bd717a832db7f969484fe1ea0325845.jpg,FALSE
2017-08-28_16-32-55_30_sec-mp4-bee_id_6660-405-1_png.rf.7179dcdaa5a9acf182cf8f1f837b81dc.jpg,TRUE
2017-10-17_16-41-10-mp4-bee_id_6873-120-1_png.rf.d1238b97e72b455aa2714bb90a343dc7.jpg,FALSE
2017-08-30_15-42-59-mp4-bee_id_9131-1470-1_png.rf.3d0ee33d6cb1622985a6b3d5e272c399.jpg,FALSE
2017-08-30_15-42-59-mp4-bee_id_9365-14880-1_png.rf.55061fe4a3a155ed22b50a517121d091.jpg,FALSE
2017-08-28_16-32-55_30_sec-mp4-bee_id_6685-885-1_png.rf.92f1d7b1258c17f7c8ec64a055dea7cf.jpg,FALSE
2017-08-30_15-42-59-mp4-bee_id_9415-18330-1_png.rf.44bbf962f56143fd6fb569be51b2e9fe.jpg,TRUE
2017-09-01_3-01-01-mp4-bee_id_2406-57375-1_png.rf.3737119e113d6f4fcbcd507f61f593a1.jpg,FALSE
2017-08-30_15-42-59-mp4-bee_id_9103-630-1_png.rf.0cb509fbb8abb6a3e72e5a9b598e309e.jpg,FALSE
2017-10-17_1-39-36-mp4-bee_id_3525-1515-1_png.rf.829346ac8e67cdc66f8416d5c6b1f530.jpg,FALSE
2017-09-25_16-03-38-mp4-bee_id_279-4635-1_png.rf.9f1fa7ea7be55d10890df08c76156be7.jpg,FALSE
2017-08-30_15-42-59-mp4-bee_id_9086-30-1_png.rf.0cceea481c2a3247ebfa916c82ff835f.jpg,FALSE
2017-09-25_16-03-38-mp4-bee_id_238-600-1_png.rf.88afbb6f5c98211d32d5c4334d2c8dea.jpg,FALSE
2017-10-17_1-39-36-mp4-bee_id_3487-465-1_png.rf.7c2bf218ffef0abc253463f1c7fe351e.jpg,FALSE
2017-10-17_16-41-10-mp4-bee_id_6955-2685-1_png.rf.f3f8ab084f4c946186bbcd36982b49b4.jpg,FALSE
2017-08-28_16-32-55_30_sec-mp4-bee_id_6681-795-1_png.rf.8391b8b7d9621786da9349151311d1f8.jpg,TRUE
2017-08-30_15-42-59-mp4-bee_id_9263-6165-1_png.rf.18adecfd5656b862c45c00db3a9d78b4.jpg,TRUE
2017-09-01_10-54-26-mp4-bee_id_7790-7635-1_png.rf.baf0cd18f8244af186adb3d747c68b76.jpg,TRUE
2017-10-17_1-39-36-mp4-bee_id_3504-915-1_png.rf.c4a8c068a467ed6ea472e3ab621e32ef.jpg,FALSE
2017-09-01_3-01-01-mp4-bee_id_2373-54585-1_png.rf.386f6511d2229cf3839dee568031d3d4.jpg,FALSE
2017-08-28_16-31-55-mp4-bee_id_2770-75-1_png.rf.689940393f95e0ee5237449fa2d6d6e7.jpg,TRUE
2017-10-17_1-39-36-mp4-bee_id_3515-1260-1_png.rf.9309c5383acbcbb89ed08edd4aa89708.jpg,FALSE
2017-09-01_3-01-01-mp4-bee_id_2352-52410-1_png.rf.e2f3d9954023fc2091d175e67fdcf1a7.jpg,TRUE
2017-09-01_10-54-26-mp4-bee_id_7759-3135-1_png.rf.c17807fd630304882cca7cff052b52d4.jpg,FALSE
2017-09-01_3-01-01-mp4-bee_id_2376-54705-1_png.rf.76cd4fc9ed80565dc872cf57de78799c.jpg,FALSE
2017-10-17_1-39-36-mp4-bee_id_3493-555-1_png.rf.5b8e42d7c6b2fcde467aa47f022bd018.jpg,FALSE
2017-08-30_15-42-59-mp4-bee_id_9302-8055-1_png.rf.72ff3b483b13782c47251b4519dd151e.jpg,FALSE
2017-08-30_15-42-59-mp4-bee_id_9194-3585-1_png.rf.fa2b89f1409b4bf91e4de3372fd9d30e.jpg,FALSE
2017-09-01_3-01-01-mp4-bee_id_2239-15-1_png.rf.5136b8124809f8a566af07ddbcbf6cfc.jpg,TRUE
2017-09-25_16-03-38-mp4-bee_id_241-735-1_png.rf.5530d0e68bbbd44a692a0dbddc12ecaf.jpg,FALSE
2017-09-25_16-03-38-mp4-bee_id_275-4320-1_png.rf.5242b8b235c72ac07819c1cfe9e5a4a3.jpg,FALSE
2017-08-30_15-42-59-mp4-bee_id_9403-17745-1_png.rf.5024b28b0cb4c9882419384ab1f3a616.jpg,TRUE
2017-08-30_15-42-59-mp4-bee_id_9206-3945-1_png.rf.d62af18cf6ed0d2e3da8762d19255326.jpg,FALSE
2017-10-17_16-41-10-mp4-bee_id_7037-5085-1_png.rf.7958fd6ce8f18def50761fad160b9969.jpg,FALSE
2017-09-01_10-54-26-mp4-bee_id_7781-6285-1_png.rf.c01753066c99490dac641fc60d189eec.jpg,TRUE
2017-09-25_16-03-38-mp4-bee_id_252-1710-1_png.rf.b12c5f04739a2b46c36164202762191a.jpg,TRUE
2017-08-30_15-42-59-mp4-bee_id_9344-11760-1_png.rf.68345a0ea888c9b4ef71a1aa80969e99.jpg,FALSE
2017-08-28_16-32-55_30_sec-mp4-bee_id_6677-660-1_png.rf.6439b19b4ebd57b66c6067e5089ba295.jpg,TRUE
2017-10-17_1-39-36-mp4-bee_id_3486-465-1_png.rf.42bf468a6c86323b07b25b584a14c5bd.jpg,FALSE
2017-08-30_15-42-59-mp4-bee_id_9377-15585-1_png.rf.610f12c88b380d66ab17078f2d08e0c3.jpg,FALSE
2017-10-17_16-41-10-mp4-bee_id_7028-4800-1_png.rf.0fd3519013077ae142be6cd6295a909d.jpg,TRUE
2017-09-01_10-54-26-mp4-bee_id_7787-7140-1_png.rf.17ea6172d8935b7caeb3432533f33b84.jpg,TRUE
2017-08-30_15-42-59-mp4-bee_id_9197-3660-1_png.rf.4d98ab54b8c00dfae3266e7645262b86.jpg,FALSE
2017-08-30_15-42-59-mp4-bee_id_9259-6030-1_png.rf.0f1235ff72ee4e3ba6283a75c7e977ee.jpg,TRUE
2017-08-30_15-42-59-mp4-bee_id_9357-13065-1_png.rf.7420f96052c57395db0d438237330def.jpg,FALSE
2017-09-01_3-01-01-mp4-bee_id_2348-51885-1_png.rf.08a2b6440d118c7c2c1930941ea10af1.jpg,TRUE
2017-10-17_1-39-36-mp4-bee_id_3475-270-1_png.rf.4fd0c9f4d4125ae82d89b2ce15a05166.jpg,FALSE
2017-09-01_3-01-01-mp4-bee_id_2366-54285-1_png.rf.eb4ce657c5d40c4ef6746a48d775f659.jpg,TRUE
2017-10-17_16-41-10-mp4-bee_id_6954-2670-1_png.rf.5cb2dee77bb14068ad4b24ed4a393f0c.jpg,FALSE
2017-08-30_15-42-59-mp4-bee_id_9405-17790-1_png.rf.3e249ae926321aafb9b72434cb3301f2.jpg,TRUE
2017-08-28_16-32-55_30_sec-mp4-bee_id_6644-90-1_png.rf.7961408052ce63e6ecdf507b33fdfb75.jpg,TRUE
2017-10-17_16-41-10-mp4-bee_id_6926-1710-1_png.rf.6fd4c8aeff2cd5416519937115096686.jpg,FALSE
2017-08-30_15-42-59-mp4-bee_id_9109-780-1_png.rf.be4c992b94003aa7ef54835e151a7e88.jpg,FALSE
2017-09-01_10-54-26-mp4-bee_id_7785-7005-1_png.rf.06b5411c0cd295c4922775151cf18174.jpg,TRUE
2017-08-30_15-42-59-mp4-bee_id_9418-18600-1_png.rf.edff5d0a933e5e0ddebb8b74d2fabaf4.jpg,FALSE
2017-08-28_16-32-55_30_sec-mp4-bee_id_6680-795-1_png.rf.3b7e228a22e4da1f2068f39271e8bf0e.jpg,FALSE
2017-08-30_15-42-59-mp4-bee_id_9309-8340-1_png.rf.19fa1348ccea8c4483872cc4c4f6cc82.jpg,TRUE
2017-10-17_16-41-10-mp4-bee_id_6988-3750-1_png.rf.6998f44361808c5091517d9caed67391.jpg,FALSE
2017-10-17_16-41-10-mp4-bee_id_6927-1710-1_png.rf.8df456806b2907f6dfedbd7ad3fe63a9.jpg,TRUE
2017-10-17_16-41-10-mp4-bee_id_6965-3000-1_png.rf.361d6fe074d2b76f2e283969340ea130.jpg,TRUE
2017-09-01_3-01-01-mp4-bee_id_2302-49020-1_png.rf.db33b12470694df12387e39ab2648d87.jpg,TRUE
2017-08-30_15-42-59-mp4-bee_id_9171-2880-1_png.rf.4c440d0669f617e598da896d602c0cf8.jpg,FALSE
2017-09-25_16-03-38-mp4-bee_id_261-2475-1_png.rf.f063d08a4d93e6cf732a9b79783cf5cc.jpg,FALSE
2017-08-30_15-42-59-mp4-bee_id_9423-19545-1_png.rf.0f7be66f6ff11253af9bba816f96b80b.jpg,FALSE
2017-08-30_15-42-59-mp4-bee_id_9441-23145-1_png.rf.48aeef6f7730ba205bdb350eead3d092.jpg,TRUE
2017-08-30_15-42-59-mp4-bee_id_9359-13680-1_png.rf.b97f56f8b66f6d0415056e203d7d2e34.jpg,FALSE
2017-09-01_3-01-01-mp4-bee_id_2335-50715-1_png.rf.e3210b869a173a6dc837c0707e4ba728.jpg,TRUE
2017-10-17_16-41-10-mp4-bee_id_6972-3195-1_png.rf.660ac56f1b58c05178156d4884650e93.jpg,FALSE
2017-08-30_15-42-59-mp4-bee_id_9254-5760-1_png.rf.ed2d6d4089e3350c74ab3a69814d047c.jpg,TRUE
2017-09-25_16-03-38-mp4-bee_id_270-3495-1_png.rf.6a5e585401e9f8fa898dc60d39e32137.jpg,TRUE
2017-08-28_16-32-55_30_sec-mp4-bee_id_6666-510-1_png.rf.f5de33f986c179119d5ed674ad40f93e.jpg,TRUE
2017-10-17_16-41-10-mp4-bee_id_6956-2685-1_png.rf.aee618dc5c39e7b1285c09ca501536c5.jpg,FALSE
2017-09-01_3-01-01-mp4-bee_id_2254-29940-1_png.rf.9204b4f44710cd71e37967502cd561cc.jpg,TRUE
2017-10-17_16-41-10-mp4-bee_id_7030-4890-1_png.rf.d5d5411e06c9b934bdf953f482d70a57.jpg,FALSE
2017-08-28_16-32-55_30_sec-mp4-bee_id_6667-540-1_png.rf.8152076678b04419b740fe524132a1ea.jpg,TRUE
2017-09-01_3-01-01-mp4-bee_id_2339-50925-1_png.rf.fda9a2441db1eea71d1043e981218ffb.jpg,TRUE
2017-09-01_3-01-01-mp4-bee_id_2255-29940-1_png.rf.d3f244b41dea8b4c30ccbe77e55aa2ee.jpg,FALSE
2017-09-01_3-01-01-mp4-bee_id_2364-53940-1_png.rf.7325d0a8d0f897948df2d1fd8da569be.jpg,FALSE
2017-09-25_16-03-38-mp4-bee_id_290-6750-1_png.rf.3704d47508e9e6af21fb559797cd7e18.jpg,TRUE
2017-09-01_10-54-26-mp4-bee_id_7770-5190-1_png.rf.fd46714fb447b7f82a9dfcbc0ee72664.jpg,TRUE
2017-08-30_15-42-59-mp4-bee_id_9426-20010-1_png.rf.458ab6c6302d0b6610a865fc12a20185.jpg,FALSE
2017-08-28_16-32-55_30_sec-mp4-bee_id_6662-450-1_png.rf.a349845371eb6441289fb9bc4c5df004.jpg,TRUE
2017-08-30_15-42-59-mp4-bee_id_9242-5205-1_png.rf.0f868713160edb72c026700e53396d84.jpg,TRUE
2017-09-01_3-01-01-mp4-bee_id_2294-48135-1_png.rf.fdfa65cd77c015d5a612fcccf411a84e.jpg,TRUE
2017-10-17_16-41-10-mp4-bee_id_6946-2475-1_png.rf.60745a6a6d02be5a1d8e8d8dc94afb98.jpg,FALSE
2017-08-30_15-42-59-mp4-bee_id_9198-3675-1_png.rf.4c9de363ce491a2560417fc40513136a.jpg,FALSE
2017-09-01_3-01-01-mp4-bee_id_2317-49725-1_png.rf.cff97f6bf4c4fbdda151428d786906b5.jpg,TRUE
2017-09-25_16-03-38-mp4-bee_id_251-1695-1_png.rf.7bab24c93684e6112f6d515ceca1bb6e.jpg,TRUE
2017-10-17_16-41-10-mp4-bee_id_6870-75-1_png.rf.0682594c15831e763d4e336907dba9c3.jpg,FALSE
2017-09-25_16-03-38-mp4-bee_id_273-3735-1_png.rf.d42ce4250f6ef2d158e08b2232312b11.jpg,FALSE
2017-10-17_16-41-10-mp4-bee_id_6949-2595-1_png.rf.89c41b6e9d3b26fecf697a0521890933.jpg,TRUE
2017-10-17_16-41-10-mp4-bee_id_6950-2610-1_png.rf.4534d0c3868fa465299a049a7239a922.jpg,FALSE
2017-08-30_15-42-59-mp4-bee_id_9183-3405-1_png.rf.c9907aa4bfa67477880a3ffabed4bf04.jpg,TRUE
2017-10-17_16-41-10-mp4-bee_id_7006-4290-1_png.rf.e607ed520cb813bde61f4c5b4c86439e.jpg,FALSE
2017-09-01_3-01-01-mp4-bee_id_2332-50490-1_png.rf.533c6f058981dd4d01b549e436bb2635.jpg,TRUE
2017-09-01_3-01-01-mp4-bee_id_2289-47955-1_png.rf.01a22e8fdc4613cc2db258a1a591caef.jpg,TRUE
2017-10-17_16-41-10-mp4-bee_id_6973-3270-1_png.rf.cdb98acbd8298e7805626b4029f70d87.jpg,TRUE
2017-08-28_16-32-55_30_sec-mp4-bee_id_6676-660-1_png.rf.adaeb2ef82f1b4dd1371f31bb0388bfe.jpg,FALSE
2017-08-30_15-42-59-mp4-bee_id_9276-6675-1_png.rf.aaf7511737f5b47bc99e936040deb8fe.jpg,TRUE
2017-08-28_16-31-55-mp4-bee_id_2768-15-1_png.rf.b79fc34750b58498c0a506e3bfa903eb.jpg,TRUE
2017-10-17_16-41-10-mp4-bee_id_6987-3735-1_png.rf.f2c6ce6942b035965f0adeb8f0d3b3fe.jpg,TRUE
2017-09-25_16-03-38-mp4-bee_id_246-1230-1_png.rf.04b9ce4d246886e3e161f4583143c9ce.jpg,TRUE
2017-08-28_16-32-55_30_sec-mp4-bee_id_6663-465-1_png.rf.1ee9dccb1cfc7b32efa3438d9c0c05e5.jpg,TRUE
2017-08-28_16-32-55_30_sec-mp4-bee_id_6648-135-1_png.rf.121bca077d4a88336d587c4e600aea7e.jpg,TRUE
2017-08-30_15-42-59-mp4-bee_id_9098-360-1_png.rf.66574dad874c150f00e04319cac34572.jpg,FALSE
2017-10-17_16-41-10-mp4-bee_id_6962-2970-1_png.rf.2b008c6b1cdf85f3b82cce1f4588e1a0.jpg,FALSE
2017-08-30_15-42-59-mp4-bee_id_9156-2325-1_png.rf.26da25080c3f48a3f45373669256056c.jpg,FALSE
2017-10-17_16-41-10-mp4-bee_id_6952-2640-1_png.rf.a5a524c0849e1604903e71989749e4be.jpg,FALSE
2017-10-17_1-39-36-mp4-bee_id_3511-1200-1_png.rf.334d041cb91836ee907cbc6487da627b.jpg,FALSE
2017-10-17_16-41-10-mp4-bee_id_6994-3975-1_png.rf.9abac7d0b36b5d71958fc320007c9d6d.jpg,FALSE
2017-09-01_3-01-01-mp4-bee_id_2399-56715-1_png.rf.1a75c22f0d5c6f4ca8e5f31b9029c94a.jpg,FALSE
2017-09-01_10-54-26-mp4-bee_id_7761-3345-1_png.rf.f4349b9de93b0b6d49fcfea9f6f9456c.jpg,TRUE
2017-09-01_3-01-01-mp4-bee_id_2340-50940-1_png.rf.8e402e89a69e0f76d2d384e22602d282.jpg,TRUE
2017-08-30_15-42-59-mp4-bee_id_9271-6600-1_png.rf.5d40b3e7e25c557faee11ca2cfcf7dd9.jpg,TRUE
2017-10-17_16-41-10-mp4-bee_id_7018-4470-1_png.rf.9e97b068674d478b423f5c9491b692f0.jpg,TRUE
2017-10-17_16-41-10-mp4-bee_id_6938-2100-1_png.rf.1c949dbe3f23503fc3771ff464bcb872.jpg,FALSE
2017-09-01_10-54-26-mp4-bee_id_7786-7020-1_png.rf.1262ee472750323d7a649c2bb2529748.jpg,TRUE
2017-08-30_15-42-59-mp4-bee_id_9417-18435-1_png.rf.930b82a8dacb4aa8cc0a679baa82189d.jpg,FALSE
2017-09-25_16-03-38-mp4-bee_id_267-3060-1_png.rf.6e6524b4f0c12dcaca4d56ec6518c465.jpg,FALSE
2017-08-30_15-42-59-mp4-bee_id_9412-18270-1_png.rf.315d7e258755209d66532daa213e4d4d.jpg,TRUE
2017-09-01_3-01-01-mp4-bee_id_2367-54300-1_png.rf.2df7b977695e55e7f5ed84e225e9d3a2.jpg,TRUE
2017-10-17_16-41-10-mp4-bee_id_6969-3150-1_png.rf.4c484bbc17cb195a43c1be5bcd1184fb.jpg,TRUE
2017-10-17_16-41-10-mp4-bee_id_6907-1080-1_png.rf.6a0fd000cfed901bd80a77cd0b7ead55.jpg,FALSE
2017-10-17_16-41-10-mp4-bee_id_6929-1830-1_png.rf.9f96ddd7d36a8ef58ec2b2d1adb6db4d.jpg,FALSE
2017-09-25_16-03-38-mp4-bee_id_293-6990-1_png.rf.2ceab6028bb9a9c8a4f8ed485e544aae.jpg,TRUE
2017-09-01_3-01-01-mp4-bee_id_2353-52410-1_png.rf.bba3c94f6a4321edad9cac5b881393bd.jpg,TRUE
2017-09-25_16-03-38-mp4-bee_id_259-2310-1_png.rf.87e461087110a39dbd908228ded9a692.jpg,TRUE
2017-09-25_16-03-38-mp4-bee_id_263-2820-1_png.rf.82eb9c149fd8c0ddb441cb8a3df62703.jpg,FALSE
2017-09-01_10-54-26-mp4-bee_id_7806-8640-1_png.rf.2681b42fd7299c94b376acbdecccc75a.jpg,TRUE
2017-09-01_10-54-26-mp4-bee_id_7784-6420-1_png.rf.84d8cb8e2eee7a8293a3d452e775956e.jpg,TRUE
2017-08-30_15-42-59-mp4-bee_id_9099-510-1_png.rf.c1a0977f571d299994cd4fd84452d8b3.jpg,FALSE
2017-09-01_3-01-01-mp4-bee_id_2396-56460-1_png.rf.28e339985e1826a83a571b0ed398d0e3.jpg,FALSE
2017-08-30_15-42-59-mp4-bee_id_9308-8295-1_png.rf.4117e7c63e158d50b4d2ae95a3c8444b.jpg,FALSE
2017-08-30_15-42-59-mp4-bee_id_9231-4800-1_png.rf.cfdcee0cbe0ff8d67650edc4bc506afb.jpg,FALSE
2017-09-25_16-03-38-mp4-bee_id_289-6495-1_png.rf.dcc91134fa6b1f7bdbe5f5475a1ff8c2.jpg,FALSE
2017-08-30_15-42-59-mp4-bee_id_9088-75-1_png.rf.3600b48db7cf74623f1f8c14eecbc11b.jpg,FALSE
2017-09-01_3-01-01-mp4-bee_id_2271-46020-1_png.rf.89dd3023438cb74adbacf9afe658b260.jpg,TRUE
2017-09-01_3-01-01-mp4-bee_id_2382-55080-1_png.rf.17632c99bf551232953dd4d3f8bd5dbc.jpg,FALSE
2017-09-01_3-01-01-mp4-bee_id_2262-43545-1_png.rf.1620996e96e424b58779993908d83dc6.jpg,TRUE
2017-08-30_15-42-59-mp4-bee_id_9125-1290-1_png.rf.c729a34121a8de556fb9d6a0166e5098.jpg,FALSE
2017-10-17_16-41-10-mp4-bee_id_7014-4425-1_png.rf.ca6ac6c118a4eb8ee894f2e0fd3157fe.jpg,TRUE
2017-09-01_3-01-01-mp4-bee_id_2323-50100-1_png.rf.e09622b8ed6e7ff5f9c8a5227df65fe9.jpg,TRUE
2017-09-01_3-01-01-mp4-bee_id_2351-52290-1_png.rf.3a49f4a984b982e306c9f0cc733930b6.jpg,TRUE
2017-08-30_15-42-59-mp4-bee_id_9311-8400-1_png.rf.b3ac5ff7cbf4adc9f7a39f7048e568ed.jpg,TRUE
2017-08-30_15-42-59-mp4-bee_id_9224-4515-1_png.rf.eba20460b5b2f09987c5d398a8d2ba54.jpg,FALSE
2017-08-28_16-32-55_30_sec-mp4-bee_id_6655-270-1_png.rf.7c74b3b68816e01bb1515c9c62599b8e.jpg,TRUE
2017-08-30_15-42-59-mp4-bee_id_9107-765-1_png.rf.cfac24411c68085bfad81655fb6a7efe.jpg,FALSE
2017-09-01_3-01-01-mp4-bee_id_2310-49410-1_png.rf.d305f2cf23e67a720fbf0a63fde63246.jpg,TRUE
2017-08-30_15-42-59-mp4-bee_id_9138-1635-1_png.rf.e98a608d83b2be57e9226235c7b0d408.jpg,FALSE
2017-08-28_16-32-55_30_sec-mp4-bee_id_6654-165-1_png.rf.a30050e8133bb2bb974ac13bfd256502.jpg,TRUE
2017-10-17_1-39-36-mp4-bee_id_3491-495-1_png.rf.c04f5d5dd0d50fd21de998b6f6a18d41.jpg,FALSE
2017-10-17_16-41-10-mp4-bee_id_6897-915-1_png.rf.1aed2e867f3506a19df710364094ebba.jpg,FALSE
2017-08-28_16-32-55_30_sec-mp4-bee_id_6690-930-1_png.rf.b47a986e971548ad1a1bebcaf78c803d.jpg,TRUE
2017-08-30_15-42-59-mp4-bee_id_9140-1665-1_png.rf.7e72d2a18ef276cf4f2077a6927404eb.jpg,FALSE
2017-09-25_16-03-38-mp4-bee_id_250-1620-1_png.rf.50928efc50da1b1a3a907cf48cbf6a5b.jpg,TRUE
2017-09-01_3-01-01-mp4-bee_id_2321-49905-1_png.rf.af7c0eec99dffc773b1e8a5dfc60c9e4.jpg,TRUE
2017-08-30_15-42-59-mp4-bee_id_9413-18285-1_png.rf.d14bfd4f56de13a29426a55b4ecd6db6.jpg,TRUE
2017-08-30_15-42-59-mp4-bee_id_9084-15-1_png.rf.c0aca4b59e6a2851ecfe7458d19515e2.jpg,FALSE
2017-10-17_16-41-10-mp4-bee_id_6876-150-1_png.rf.48bf6d64d0369a2349a69b515426933e.jpg,FALSE
2017-09-01_3-01-01-mp4-bee_id_2280-47175-1_png.rf.a540d404fd93e73a84c979c3ffd1786e.jpg,TRUE
2017-08-30_15-42-59-mp4-bee_id_9160-2535-1_png.rf.860c8c81452499cacfdf5c804fe02aaa.jpg,FALSE
2017-10-17_1-39-36-mp4-bee_id_3524-1470-1_png.rf.e0450057914f6b66ed5174f8f96ab14d.jpg,FALSE
2017-08-30_15-42-59-mp4-bee_id_9222-4515-1_png.rf.1d29beb03d137db06a45bf795c3aa161.jpg,FALSE
2017-08-28_16-32-55_30_sec-mp4-bee_id_6673-645-1_png.rf.92daf1e087d12a04b593bba482773f41.jpg,TRUE
2017-08-28_16-32-55_30_sec-mp4-bee_id_6692-945-1_png.rf.dfbcea9f18edf52133ac3fe8738ef631.jpg,FALSE
2017-09-25_16-03-38-mp4-bee_id_282-5310-1_png.rf.c2053174bfe643cbecee0b4058a83931.jpg,FALSE
2017-09-01_3-01-01-mp4-bee_id_2305-49080-1_png.rf.a0ca76e32fa051cbd4ae9f6424b24667.jpg,TRUE
2017-09-01_3-01-01-mp4-bee_id_2336-50775-1_png.rf.30fba6d5361a9d20d8159f373952113f.jpg,TRUE
2017-08-30_15-42-59-mp4-bee_id_9416-18420-1_png.rf.8e468e0643d88fbc086960bc408af77a.jpg,FALSE
2017-09-25_16-03-38-mp4-bee_id_278-4590-1_png.rf.dbd0a66c9c364c79d8969ce42ce902c3.jpg,FALSE
2017-10-17_1-39-36-mp4-bee_id_3477-270-1_png.rf.06f965cc16f817c7df73d7d1618a0ed0.jpg,FALSE
2017-10-17_1-39-36-mp4-bee_id_3496-630-1_png.rf.5051a8b6c9f5ca6f58fb9b140e009da8.jpg,FALSE
2017-10-17_1-39-36-mp4-bee_id_3496-630-1_png.rf.5051a8b6c9f5ca6f58fb9b140e009da8.jpg,FALSE
2017-09-01_3-01-01-mp4-bee_id_2372-54450-1_png.rf.a006f71429ff7f157c8f46092f4f293c.jpg,TRUE
2017-09-01_10-54-26-mp4-bee_id_7760-3330-1_png.rf.2c1fee82e4f594fa27a3d2789dcf1887.jpg,TRUE
2017-08-28_16-32-55_30_sec-mp4-bee_id_6687-915-1_png.rf.97069adf26c3a328c41eeccb1a399d5d.jpg,TRUE
2017-10-17_16-41-10-mp4-bee_id_7000-4155-1_png.rf.dc41eb4ffc1918956de252d76c52f1a7.jpg,TRUE
2017-08-30_15-42-59-mp4-bee_id_9432-22650-1_png.rf.de57056005cf7a1b906f28d59fa75f13.jpg,FALSE
2017-10-17_16-41-10-mp4-bee_id_6939-2100-1_png.rf.b9029a531a8ea6a169daf2eb9253226f.jpg,FALSE
2017-08-30_15-42-59-mp4-bee_id_9272-6600-1_png.rf.8a7af9ec496a49e0615151a1ba499e20.jpg,FALSE
2017-10-17_16-41-10-mp4-bee_id_7013-4425-1_png.rf.97e9024f462a5708ad3b64cafdb54889.jpg,FALSE
2017-09-01_3-01-01-mp4-bee_id_2246-18495-1_png.rf.1ef34e6e46fee118cd49698cf790f63d.jpg,FALSE
2017-09-01_10-54-26-mp4-bee_id_7777-5520-1_png.rf.5ab961005ebd047cf65cde429075e04f.jpg,FALSE
2017-08-30_15-42-59-mp4-bee_id_9178-3075-1_png.rf.694e1c4569e1374af6fbe19f4563c3db.jpg,TRUE
2017-08-30_15-42-59-mp4-bee_id_9301-8010-1_png.rf.6792f0e1c0e3b4f3c26bc54226be7a73.jpg,FALSE
2017-08-30_15-42-59-mp4-bee_id_9266-6270-1_png.rf.57882e99a4c40790d6d51496340593bf.jpg,FALSE
2017-09-01_10-54-26-mp4-bee_id_7779-6225-1_png.rf.3e17105b6ab67dbecdd63559478f2177.jpg,TRUE
2017-09-01_3-01-01-mp4-bee_id_2368-54345-1_png.rf.8a4b2a5500e9a5025b9a6be5cdec79f3.jpg,TRUE
2017-08-30_15-42-59-mp4-bee_id_9174-3015-1_png.rf.c20dd65c58edfe59d522b832c3b597ef.jpg,FALSE
2017-08-30_15-42-59-mp4-bee_id_9245-5310-1_png.rf.0fcd79de0ae572a1545f30f9967b3e64.jpg,FALSE
2017-10-17_1-39-36-mp4-bee_id_3518-1320-1_png.rf.033761a79ef1e21710999934d66c48af.jpg,FALSE
2017-08-30_15-42-59-mp4-bee_id_9248-5580-1_png.rf.a138562a2a6fb1f59f83de8016dc00e4.jpg,TRUE
2017-08-30_15-42-59-mp4-bee_id_9122-1230-1_png.rf.f5f121868a87ac02baf8be10adef9e4b.jpg,FALSE
2017-10-17_16-41-10-mp4-bee_id_6998-4140-1_png.rf.2b52d7d36174d3187ad9621370801df8.jpg,FALSE
2017-09-25_16-03-38-mp4-bee_id_266-3015-1_png.rf.4bb2a5195835a4e80d6afd98399e8e5a.jpg,FALSE
2017-10-17_16-41-10-mp4-bee_id_6989-3825-1_png.rf.fcf51db954b70fc6c6836a4e682248a5.jpg,FALSE
2017-08-30_15-42-59-mp4-bee_id_9389-16335-1_png.rf.99f0ff598ed1c2b2ad2a8aedbe951d4c.jpg,FALSE
2017-09-01_3-01-01-mp4-bee_id_2401-56775-1_png.rf.bb0e0799da86708e5683e7fe4a2d0173.jpg,TRUE
2017-08-30_15-42-59-mp4-bee_id_9300-7905-1_png.rf.e5222b45db234c4e958ec77f2c8cdfb0.jpg,FALSE
2017-08-30_15-42-59-mp4-bee_id_9180-3135-1_png.rf.5fa69c1f4120ff8ffda6c9525f681102.jpg,FALSE
2017-09-25_16-03-38-mp4-bee_id_230-15-1_png.rf.ec65c3fa00033e956eb777e9b0204122.jpg,FALSE
2017-08-30_15-42-59-mp4-bee_id_9334-9300-1_png.rf.782f3fd319f9bfb14ddae89e2358246b.jpg,FALSE
2017-10-17_1-39-36-mp4-bee_id_3474-255-1_png.rf.d2bd2e72361c15d5dec2f2bf17bdbf7a.jpg,FALSE
2017-10-17_16-41-10-mp4-bee_id_6935-1965-1_png.rf.31f2479a97d6d25b8fe08ec5891599d9.jpg,FALSE
2017-09-01_3-01-01-mp4-bee_id_2380-55050-1_png.rf.856741e3326d48d81be1b6cc3a8ddc21.jpg,FALSE
2017-09-01_3-01-01-mp4-bee_id_2281-47220-1_png.rf.5ccc1d28b8a81305b3e8092350dfbb6c.jpg,FALSE
2017-08-30_15-42-59-mp4-bee_id_9162-2625-1_png.rf.7c7eb946fab131beddd957299a862973.jpg,FALSE
2017-10-17_16-41-10-mp4-bee_id_7003-4245-1_png.rf.74fb5d4a257b7ff920dea32a6cd09826.jpg,TRUE
2017-08-30_15-42-59-mp4-bee_id_9186-3480-1_png.rf.6674eb3ae5edf50784e0b899bfe832b0.jpg,FALSE
2017-08-28_16-32-55_30_sec-mp4-bee_id_6684-870-1_png.rf.df23c8698590ff8cb88333c06617eabf.jpg,FALSE
2017-09-01_3-01-01-mp4-bee_id_2407-57495-1_png.rf.4a8ddc45bd94e19aa1e0af0ac810cc02.jpg,FALSE
2017-08-30_15-42-59-mp4-bee_id_9207-3960-1_png.rf.68f22126e6f7ee636ef45e68ae523bc4.jpg,FALSE
2017-10-17_1-39-36-mp4-bee_id_3480-300-1_png.rf.016cb9ed3b1552f8f7150753883e28ea.jpg,FALSE
2017-09-01_10-54-26-mp4-bee_id_7758-3120-1_png.rf.992e916ae5a3879b2f8f03300d9ea48c.jpg,FALSE
2017-10-17_1-39-36-mp4-bee_id_3481-315-1_png.rf.f21f21e8cc535736ae11c55302de2c14.jpg,FALSE
2017-10-17_16-41-10-mp4-bee_id_6928-1800-1_png.rf.f1d731fbad8c920b57f4d55dfd812e54.jpg,FALSE
2017-09-01_3-01-01-mp4-bee_id_2369-54360-1_png.rf.06e99a590af65b7c1fd38019974322ad.jpg,TRUE
2017-09-01_3-01-01-mp4-bee_id_2386-55245-1_png.rf.9eb27711241ff897ba90f5cf12be07aa.jpg,FALSE
2017-08-30_15-42-59-mp4-bee_id_9151-2055-1_png.rf.f0bc156f3d1d5b1d1d95c964d53ac6c5.jpg,FALSE
2017-10-17_16-41-10-mp4-bee_id_6967-3105-1_png.rf.c79c4cd3a7b922238640dd15d5e8ff0f.jpg,FALSE
2017-10-17_16-41-10-mp4-bee_id_7015-4440-1_png.rf.ab1eaede2115c549ce3fba4263dcad7f.jpg,FALSE
2017-09-01_3-01-01-mp4-bee_id_2314-49530-1_png.rf.c1181f1382e2121f990e827eb00f7fe7.jpg,TRUE
2017-08-30_15-42-59-mp4-bee_id_9223-4515-1_png.rf.4227f913a36ea1a7db4457326c63dfbe.jpg,FALSE
2017-09-01_3-01-01-mp4-bee_id_2370-54375-1_png.rf.526ca156cad7089966eb23dd86426fd7.jpg,TRUE
2017-09-01_3-01-01-mp4-bee_id_2408-57600-1_png.rf.0e712728ac3416abefbb4b9f8fe769f9.jpg,FALSE
2017-08-30_15-42-59-mp4-bee_id_9348-12135-1_png.rf.cc500457bffe46de890a40e85a981765.jpg,FALSE
2017-08-30_15-42-59-mp4-bee_id_9166-2685-1_png.rf.0b279e4affb288a99cf79ca9db84c382.jpg,FALSE
2017-09-01_3-01-01-mp4-bee_id_2293-48105-1_png.rf.684c195eda5127bee6ea93bfbf14b5af.jpg,TRUE
2017-09-01_3-01-01-mp4-bee_id_2243-13860-1_png.rf.581716014e6ba5ca37787397a93a7d81.jpg,TRUE
2017-10-17_16-41-10-mp4-bee_id_6977-3375-1_png.rf.31da2cb4eb4f7ab580fee5f6989d27cb.jpg,TRUE
2017-10-17_16-41-10-mp4-bee_id_6960-2850-1_png.rf.11081c46864fea6f31a8a94aac58f13e.jpg,FALSE
2017-08-30_15-42-59-mp4-bee_id_9414-18330-1_png.rf.262712519302e84032b29b6628e0449e.jpg,FALSE
2017-10-17_16-41-10-mp4-bee_id_6878-165-1_png.rf.b9760c503163bb9d7c5e103cb8fae91f.jpg,FALSE
2017-08-30_15-42-59-mp4-bee_id_9208-3990-1_png.rf.e2755658c1bf1a78a80c3436c4bed995.jpg,FALSE
2017-09-01_3-01-01-mp4-bee_id_2264-44115-1_png.rf.4a031f7a11d2eff36d670abefd9724dc.jpg,TRUE
2017-09-01_10-54-26-mp4-bee_id_7745-810-1_png.rf.38162b08393d4c045f0b78132f23bc72.jpg,TRUE
2017-08-30_15-42-59-mp4-bee_id_9298-7800-1_png.rf.c0656565edc91021951633000259f7c2.jpg,FALSE
2017-09-01_3-01-01-mp4-bee_id_2320-49890-1_png.rf.786d02186b6be50186c89a740023885d.jpg,TRUE
2017-10-17_16-41-10-mp4-bee_id_7029-4860-1_png.rf.6dbed8cb00e51492129f4471b5ad2a25.jpg,FALSE
2017-09-25_16-03-38-mp4-bee_id_248-1290-1_png.rf.17d6f4e9fb613d11578ed351ec685464.jpg,FALSE
2017-10-17_16-41-10-mp4-bee_id_7005-4290-1_png.rf.60389ec28cdbc756137e9e037d4a64b4.jpg,TRUE
2017-09-01_3-01-01-mp4-bee_id_2275-46440-1_png.rf.f4277a4bfa0ca52ec52de524c0a0e76a.jpg,TRUE
2017-08-30_15-42-59-mp4-bee_id_9240-5100-1_png.rf.2c8febfab208868eb3b1cab8b2b9ea98.jpg,FALSE
2017-09-01_3-01-01-mp4-bee_id_2388-55410-1_png.rf.e1ec88563bcff427a0ce0eea3173c125.jpg,FALSE
2017-08-30_15-42-59-mp4-bee_id_9120-1200-1_png.rf.b03e55ae8d0efb7aef33e7ac39510827.jpg,FALSE
2017-08-28_16-32-55_30_sec-mp4-bee_id_6674-645-1_png.rf.1f52af764635475e6ce1545b38fcafa6.jpg,TRUE
2017-09-25_16-03-38-mp4-bee_id_285-5895-1_png.rf.bf46c6c08093bffb75e50784548880d7.jpg,FALSE
2017-09-01_3-01-01-mp4-bee_id_2365-54015-1_png.rf.3e4f9549225c845257c402ab022df7f0.jpg,TRUE
2017-08-30_15-42-59-mp4-bee_id_9190-3525-1_png.rf.db1e4b6026e20c4f1d2a45d9b4abdc98.jpg,FALSE
2017-09-01_10-54-26-mp4-bee_id_7805-8535-1_png.rf.057537e34bce0f07f4bff852abf3e17a.jpg,TRUE
2017-08-30_15-42-59-mp4-bee_id_9320-8580-1_png.rf.6344bcca21b1c27f80e51a6e165ba931.jpg,FALSE
2017-08-30_15-42-59-mp4-bee_id_9163-2640-1_png.rf.6fe0eba7330f011f55bf4708ce80a1d1.jpg,FALSE
2017-09-01_10-54-26-mp4-bee_id_7746-810-1_png.rf.bace6a16f9f9324a6d2e299482ff4d1b.jpg,FALSE
2017-09-01_3-01-01-mp4-bee_id_2342-50970-1_png.rf.9ba138df832ddff1d1d7f92c21afe454.jpg,TRUE
2017-09-01_3-01-01-mp4-bee_id_2315-49635-1_png.rf.dc9e54ff7642039e09733b03ccdabf29.jpg,TRUE
2017-09-01_3-01-01-mp4-bee_id_2379-55035-1_png.rf.994a3d51c22ed2ca4fe753b84c552665.jpg,FALSE
2017-10-17_16-41-10-mp4-bee_id_6933-1950-1_png.rf.3813e29f2940d46510b593c9be433d61.jpg,FALSE
2017-08-30_15-42-59-mp4-bee_id_9391-16680-1_png.rf.31dc319a8a004aa25f614ad1c2e535ce.jpg,FALSE
2017-08-30_15-42-59-mp4-bee_id_9279-6945-1_png.rf.80137446c509bce84f2fa79c5a46fa68.jpg,TRUE
2017-10-17_16-41-10-mp4-bee_id_7031-4890-1_png.rf.c2f2ad973175f88d22a691c708949199.jpg,FALSE
2017-09-01_3-01-01-mp4-bee_id_2378-54795-1_png.rf.aace7a517b5c1f24ca4c06602b295141.jpg,FALSE
2017-08-30_15-42-59-mp4-bee_id_9237-5085-1_png.rf.982f412dd6f42f25c6d8adc94905972d.jpg,TRUE
2017-10-17_1-39-36-mp4-bee_id_3462-60-1_png.rf.a10a6567dbb42fa46f7ce2f355db0779.jpg,FALSE
2017-10-17_16-41-10-mp4-bee_id_6890-585-1_png.rf.768b516094686df16bf271546489f557.jpg,FALSE
2017-09-25_16-03-38-mp4-bee_id_254-2055-1_png.rf.d66076a6801546b8fc288d55a7a23d28.jpg,TRUE
2017-09-01_10-54-26-mp4-bee_id_7795-7995-1_png.rf.98924796da46e41eaa4701b6951c0e51.jpg,TRUE
2017-10-17_1-39-36-mp4-bee_id_3513-1245-1_png.rf.21ab31ddba6417db1e4f1397c4f2fe59.jpg,FALSE
2017-08-30_15-42-59-mp4-bee_id_9130-1455-1_png.rf.36bf7c5faf84776b2fe571038f81b552.jpg,FALSE
2017-09-25_16-03-38-mp4-bee_id_233-60-1_png.rf.89862428c7ae0aa58c89b1d4f636b504.jpg,FALSE
2017-08-28_16-32-55_30_sec-mp4-bee_id_6691-930-1_png.rf.3746902c26999a826ec43d4723766a6d.jpg,FALSE
2017-09-01_10-54-26-mp4-bee_id_7775-5310-1_png.rf.780b8879d3259c2d2d278b908ae8a87e.jpg,TRUE
2017-10-17_1-39-36-mp4-bee_id_3476-270-1_png.rf.cb9654bd96801e1ee83f3006169788ee.jpg,FALSE
2017-08-30_15-42-59-mp4-bee_id_9134-1500-1_png.rf.0b75f79b80b37146bc8c173ff8567cb9.jpg,FALSE
2017-09-25_16-03-38-mp4-bee_id_258-2280-1_png.rf.7ff74ad4cb67cece9ad4d41c210bc2cc.jpg,TRUE
2017-08-30_15-42-59-mp4-bee_id_9168-2700-1_png.rf.53edc3adc826ab54ac1e13db1ea66141.jpg,FALSE
2017-09-01_10-54-26-mp4-bee_id_7802-8430-1_png.rf.4a1d2f58bcd47f86111a0bd73bd9857b.jpg,TRUE
2017-09-01_3-01-01-mp4-bee_id_2330-50445-1_png.rf.e9085e3f01658ae4f550cdae8968f027.jpg,TRUE
2017-08-28_16-32-55_30_sec-mp4-bee_id_6693-960-1_png.rf.9d8a05d9e9dfe15d2c9773f846a4db08.jpg,FALSE
2017-08-30_15-42-59-mp4-bee_id_9189-3510-1_png.rf.1a5c60a6a733ae94d842cb822f3ff34f.jpg,FALSE
2017-09-01_3-01-01-mp4-bee_id_2384-55170-1_png.rf.809ac0ce812b7df1139e0ee5f47b3b1b.jpg,TRUE
2017-10-17_16-41-10-mp4-bee_id_6865-45-1_png.rf.10f02e41f8d674306d91b498e8d5e040.jpg,FALSE
2017-09-01_3-01-01-mp4-bee_id_2385-55170-1_png.rf.2478bfe05a6dcf26c869dc11a4494fb9.jpg,FALSE
2017-09-01_3-01-01-mp4-bee_id_2290-48060-1_png.rf.efad4750d2bfbecd03fe6c109bec0749.jpg,TRUE
2017-08-30_15-42-59-mp4-bee_id_9244-5295-1_png.rf.e94f5c47e220614e8d92c53fab851bc7.jpg,FALSE
2017-09-01_3-01-01-mp4-bee_id_2276-46500-1_png.rf.96b2388ce02595e5e0b2c96aa8e7cf09.jpg,TRUE
2017-08-30_15-42-59-mp4-bee_id_9295-7680-1_png.rf.349549957e7d8142b9018ee99e0663d3.jpg,FALSE
2017-09-25_16-03-38-mp4-bee_id_262-2610-1_png.rf.54b76fa0566b47442884219f1f72b3bc.jpg,FALSE
2017-09-01_10-54-26-mp4-bee_id_7797-8130-1_png.rf.9fc4b42bfa2fc184541c88af052affd6.jpg,FALSE
2017-09-01_3-01-01-mp4-bee_id_2405-57345-1_png.rf.73cec8d5ea8def1fb2d9378e4ef373c1.jpg,FALSE
2017-08-30_15-42-59-mp4-bee_id_9299-7845-1_png.rf.fecf810cc8855c257f846a464814d3a3.jpg,TRUE
2017-09-01_3-01-01-mp4-bee_id_2307-49215-1_png.rf.a66ceb9407ef3add95a4f983d3f90b5d.jpg,TRUE
2017-09-01_3-01-01-mp4-bee_id_2411-57630-1_png.rf.64aac7468a776c405bdba27a7f8c50d5.jpg,FALSE
2017-08-28_16-32-55_30_sec-mp4-bee_id_6661-420-1_png.rf.f91087a05e97f1ca4f25175b44f02d27.jpg,TRUE
2017-08-30_15-42-59-mp4-bee_id_9303-8055-1_png.rf.01dbc4fae0db4900278506fe49e7efe5.jpg,FALSE
2017-10-17_1-39-36-mp4-bee_id_3512-1215-1_png.rf.c72e27b58272ca5633445d90b3ad00f2.jpg,FALSE
2017-09-01_3-01-01-mp4-bee_id_2371-54390-1_png.rf.63b418f8b5974ac047ac88f292c55442.jpg,TRUE
2017-08-30_15-42-59-mp4-bee_id_9159-2400-1_png.rf.59407b25f8a069e7ff48a0b1ae7b36ea.jpg,FALSE
2017-08-30_15-42-59-mp4-bee_id_9219-4470-1_png.rf.368274d3142256f1ce7d666849216a2d.jpg,FALSE
2017-08-30_15-42-59-mp4-bee_id_9422-19125-1_png.rf.c9437c5b383bbab871b974f3b639e67d.jpg,FALSE
2017-08-30_15-42-59-mp4-bee_id_9187-3495-1_png.rf.551e46b5b831295e1b55525b66ce6a8d.jpg,FALSE
2017-09-01_3-01-01-mp4-bee_id_2326-50160-1_png.rf.473c5c73efb63190187494a99447fb70.jpg,TRUE
2017-10-17_16-41-10-mp4-bee_id_6922-1620-1_png.rf.fb8300dd6986c928ca15fd8df6a8c174.jpg,FALSE
2017-09-01_10-54-26-mp4-bee_id_7744-390-1_png.rf.0b136eaef38567094e113c423f166de8.jpg,FALSE
2017-09-01_3-01-01-mp4-bee_id_2256-30015-1_png.rf.bd635a036deb2b61aecd22ffe9d910b9.jpg,TRUE
2017-08-30_15-42-59-mp4-bee_id_9436-22890-1_png.rf.462ec0ef6a1dd9c242032144b4f22629.jpg,TRUE
2017-09-25_16-03-38-mp4-bee_id_277-4530-1_png.rf.29cbd7f2e0585f2676e09fa202763b19.jpg,FALSE
2017-09-01_3-01-01-mp4-bee_id_2296-48810-1_png.rf.4cbb2a268b69a7cd25ec13bf8cfcef48.jpg,TRUE
2017-10-17_1-39-36-mp4-bee_id_3490-495-1_png.rf.dd7023592a8e60633b1723448ba6cc02.jpg,TRUE
2017-10-17_16-41-10-mp4-bee_id_7034-4965-1_png.rf.94f7f012c9fb4f4e8e5bfd659c07cc95.jpg,FALSE
2017-09-01_3-01-01-mp4-bee_id_2274-46350-1_png.rf.aaa1982b018cd791f3285fec9afcbab6.jpg,TRUE
2017-09-25_16-03-38-mp4-bee_id_236-90-1_png.rf.cbe6cbff721e5c76842802851128cb89.jpg,FALSE
2017-10-17_16-41-10-mp4-bee_id_6944-2370-1_png.rf.9fc9ce19327a7e878cccf3ee59874b48.jpg,TRUE
2017-09-01_10-54-26-mp4-bee_id_7763-3810-1_png.rf.8af45cdd47473d6a2308507c9f66a813.jpg,TRUE
2017-08-30_15-42-59-mp4-bee_id_9158-2340-1_png.rf.b8dc2510d8e291f88b09401f5ed0dfea.jpg,FALSE
2017-08-30_15-42-59-mp4-bee_id_9390-16605-1_png.rf.612f024aadccb194fec624a520454fcf.jpg,FALSE
2017-10-17_16-41-10-mp4-bee_id_6869-75-1_png.rf.28d64964aa9aaebef20a50b87f431e7a.jpg,FALSE
2017-08-28_16-32-55_30_sec-mp4-bee_id_6671-615-1_png.rf.10bd62a2674af51c3528255a7e4cacbd.jpg,TRUE
2017-08-30_15-42-59-mp4-bee_id_9172-2910-1_png.rf.92c15a11d784b9d9bd4713d5b11a2f5f.jpg,FALSE
2017-09-01_10-54-26-mp4-bee_id_7753-1875-1_png.rf.914993af62e6f50fd1e1d0c44bd4315d.jpg,FALSE
2017-10-17_16-41-10-mp4-bee_id_6945-2415-1_png.rf.8f8c3643ddcf4c1cd9993b687a0e8a84.jpg,FALSE
2017-09-01_3-01-01-mp4-bee_id_2392-55485-1_png.rf.b43b7949c5a42a130c00741d5d229a95.jpg,TRUE
2017-09-01_10-54-26-mp4-bee_id_7780-6270-1_png.rf.dd87e9fc71f3b5681ae10ab29b9fe123.jpg,TRUE
2017-08-30_15-42-59-mp4-bee_id_9324-8790-1_png.rf.72bd0e80a1bd9d67c8cbc70ae7dccdc8.jpg,FALSE
2017-08-30_15-42-59-mp4-bee_id_9260-6075-1_png.rf.9635a90f301068ca0da372cc8cef9ffd.jpg,FALSE
2017-09-01_3-01-01-mp4-bee_id_2331-50460-1_png.rf.fb4db7f723a8dc6e391f344ac8241f09.jpg,TRUE
2017-10-17_1-39-36-mp4-bee_id_3472-180-1_png.rf.19bf657188e6afe3f3dfcc2c64ea27e8.jpg,FALSE
2017-09-25_16-03-38-mp4-bee_id_245-1200-1_png.rf.1d31b87067d0678ada1b43ff4ee39980.jpg,FALSE
2017-08-30_15-42-59-mp4-bee_id_9179-3090-1_png.rf.704757635ec4f492f504ee0cce44ca56.jpg,TRUE
2017-08-30_15-42-59-mp4-bee_id_9410-17985-1_png.rf.25ae6239759681e5c3d84a2149905566.jpg,FALSE
2017-09-25_16-03-38-mp4-bee_id_232-45-1_png.rf.7728244bcb11a24d9e6450214e3117f6.jpg,FALSE
2017-08-30_15-42-59-mp4-bee_id_9196-3630-1_png.rf.899f54104fd8f0b0a7337386766550ff.jpg,FALSE
2017-09-25_16-03-38-mp4-bee_id_286-6450-1_png.rf.e077d455002486aa02c333b14c3a787e.jpg,FALSE
2017-08-28_16-32-55_30_sec-mp4-bee_id_6682-825-1_png.rf.1c5a310251d39023b55d7e68703fed81.jpg,TRUE
2017-09-01_3-01-01-mp4-bee_id_2345-51540-1_png.rf.b681653da5cba8e19d0abf90a01b5f1d.jpg,TRUE
2017-10-17_1-39-36-mp4-bee_id_3521-1365-1_png.rf.e9f52735d250b68b1553b9896d88fb75.jpg,FALSE
2017-08-30_15-42-59-mp4-bee_id_9236-5070-1_png.rf.380a9f82a43fdc10aaa4862fbfb7b861.jpg,FALSE
2017-08-30_15-42-59-mp4-bee_id_9400-17550-1_png.rf.e26d5bb704e1d4045cc4297020467af4.jpg,FALSE
2017-10-17_16-41-10-mp4-bee_id_6881-360-1_png.rf.c4d25d5f216651fca33762e357fb6637.jpg,FALSE
2017-10-17_16-41-10-mp4-bee_id_7016-4440-1_png.rf.80114ec51f863ccf1dd2817af28be75f.jpg,FALSE
2017-09-01_3-01-01-mp4-bee_id_2393-55485-1_png.rf.cdda90249f0898fa9cb4e340c9237a9a.jpg,TRUE
2017-09-01_3-01-01-mp4-bee_id_2306-49185-1_png.rf.13f62f97c1352e6df48949ef49ffdb69.jpg,TRUE
2017-08-30_15-42-59-mp4-bee_id_9104-645-1_png.rf.73da9145c3352ee2d4c3c8e87f9d0c0c.jpg,TRUE
2017-08-30_15-42-59-mp4-bee_id_9420-18810-1_png.rf.96ad6bbce86047b35e1fe11c9df3ca48.jpg,FALSE
2017-08-30_15-42-59-mp4-bee_id_9212-4110-1_png.rf.5fc3fdc9c9b7213dce592708367249f3.jpg,TRUE
2017-09-01_3-01-01-mp4-bee_id_2278-46890-1_png.rf.447621700f6255c486b188cdd8ce3fa6.jpg,TRUE
2017-08-30_15-42-59-mp4-bee_id_9401-17640-1_png.rf.57d0c2987aa074c7705759a7df4679fb.jpg,TRUE
2017-08-28_16-32-55_30_sec-mp4-bee_id_6670-600-1_png.rf.bf3355fcfdd78973f30f1f60d3feefad.jpg,TRUE
2017-08-30_15-42-59-mp4-bee_id_9095-270-1_png.rf.a24779c343cc262c93f112ad560bdfb0.jpg,FALSE
2017-08-28_16-32-55_30_sec-mp4-bee_id_6643-75-1_png.rf.51a519be16f71b031d52b86f2b9097fc.jpg,TRUE
2017-08-30_15-42-59-mp4-bee_id_9135-1500-1_png.rf.112c6b990b1311370bfda604bb6d4c4f.jpg,FALSE
2017-09-01_3-01-01-mp4-bee_id_2260-43290-1_png.rf.9b927d9670ed70a1f6094976e0a890c1.jpg,TRUE
2017-09-25_16-03-38-mp4-bee_id_247-1245-1_png.rf.a5d7c45cef6be9504f16457bf6ee0a11.jpg,TRUE
2017-10-17_16-41-10-mp4-bee_id_6957-2700-1_png.rf.9dbb35ed0eb44ac92d37cea354e0ae36.jpg,FALSE
2017-10-17_1-39-36-mp4-bee_id_3485-465-1_png.rf.1873e1eeada1eae838d187c3a4eb3fea.jpg,FALSE
2017-08-30_15-42-59-mp4-bee_id_9284-7365-1_png.rf.48aa19851a1688c6a2f7b39a24bc7a37.jpg,FALSE
2017-10-17_1-39-36-mp4-bee_id_3503-870-1_png.rf.09808ef9533088cdb179df26b7b2df6e.jpg,FALSE
2017-09-01_3-01-01-mp4-bee_id_2259-43095-1_png.rf.5b3457a034c09c435d7d25b83a64529f.jpg,TRUE
2017-10-17_16-41-10-mp4-bee_id_6921-1590-1_png.rf.dabcc8240c271bb8c717bde9ab2a5678.jpg,FALSE
2017-08-30_15-42-59-mp4-bee_id_9229-4635-1_png.rf.c95f4c5e52f044a8402e17feb937558e.jpg,FALSE
2017-08-28_16-32-55_30_sec-mp4-bee_id_6659-360-1_png.rf.ab948eaf8d6edfbc3743d1540284c621.jpg,FALSE
2017-08-30_15-42-59-mp4-bee_id_9280-6960-1_png.rf.bda6eae08d48f64fc80aa02e069109d4.jpg,TRUE
2017-08-30_15-42-59-mp4-bee_id_9288-7455-1_png.rf.bac022bb86ab0eb172b3e938cb9a7ce1.jpg,FALSE
2017-09-01_3-01-01-mp4-bee_id_2277-46725-1_png.rf.93ed01ef378db8eee9d82fbabddfe590.jpg,TRUE
2017-08-28_16-32-55_30_sec-mp4-bee_id_6675-645-1_png.rf.e15986f6792ef954e3861c17a905eae7.jpg,TRUE
2017-08-30_15-42-59-mp4-bee_id_9398-17415-1_png.rf.278076995a6d06e7e7b1c2ecc3e18c8f.jpg,TRUE
2017-08-30_15-42-59-mp4-bee_id_9287-7410-1_png.rf.87d974af5605de60609dbbf2a7bfa1e7.jpg,FALSE
2017-08-30_15-42-59-mp4-bee_id_9325-8865-1_png.rf.5bfc670e551ecd3fefa4a8ea5b29d426.jpg,TRUE
2017-08-28_16-32-55_30_sec-mp4-bee_id_6651-150-1_png.rf.cddb46085b3455c87df50d6b6534c42d.jpg,TRUE
2017-10-17_16-41-10-mp4-bee_id_6924-1635-1_png.rf.658943f059a9ad02eb6fc0a4de7b6e6b.jpg,FALSE
2017-08-30_15-42-59-mp4-bee_id_9428-20190-1_png.rf.6944771f4cdfee933d62b4ea2e00c19d.jpg,FALSE
2017-08-30_15-42-59-mp4-bee_id_9409-17970-1_png.rf.b1b3294fcb1d21a7fb8c1e47cbd5bb39.jpg,FALSE
2017-09-01_3-01-01-mp4-bee_id_2309-49395-1_png.rf.118d1dad8fb269a38b48c8a7a2ee254f.jpg,TRUE
2017-09-01_3-01-01-mp4-bee_id_2287-47805-1_png.rf.a8d10c957f02fe959c862f8dd383f498.jpg,TRUE
2017-09-01_10-54-26-mp4-bee_id_7778-5700-1_png.rf.668e6e80889cbc8b5459aae6308b90b1.jpg,FALSE
2017-10-17_1-39-36-mp4-bee_id_3516-1260-1_png.rf.c46cd6281645b6c940bea372e67fe6f3.jpg,FALSE
2017-09-01_3-01-01-mp4-bee_id_2358-52905-1_png.rf.f8674d110bd35d74f3baf23e24978c7b.jpg,TRUE
2017-08-30_15-42-59-mp4-bee_id_9205-3930-1_png.rf.6544ee90d9a77914f121e41ea676828b.jpg,FALSE
2017-09-25_16-03-38-mp4-bee_id_228-15-1_png.rf.7ec130ea36f09a3d7f604bccfee18c55.jpg,FALSE
2017-10-17_1-39-36-mp4-bee_id_3471-165-1_png.rf.97543fef7b1983583542b199d15efecd.jpg,FALSE
2017-08-30_15-42-59-mp4-bee_id_9329-9045-1_png.rf.080e79de924d641336df39d32f99dd2c.jpg,FALSE
2017-08-30_15-42-59-mp4-bee_id_9118-1185-1_png.rf.b96773d6d9180c7f6f44d7a180280e67.jpg,FALSE
2017-08-30_15-42-59-mp4-bee_id_9292-7650-1_png.rf.cfe29be69420f6d90ff61f5977e3a605.jpg,FALSE
2017-08-30_15-42-59-mp4-bee_id_9264-6240-1_png.rf.4fc60cdc1a6e769a7e3e424b4c6d2f15.jpg,FALSE
2017-08-30_15-42-59-mp4-bee_id_9372-15165-1_png.rf.ef47d6e278eed78e75b0e8910c97eb82.jpg,TRUE
2017-08-30_15-42-59-mp4-bee_id_9425-19920-1_png.rf.f00f864437bda0bea85165794175ebf6.jpg,TRUE
2017-08-30_15-42-59-mp4-bee_id_9096-330-1_png.rf.3ba0a83f65aa90f9bde4a84509455ead.jpg,FALSE
2017-09-25_16-03-38-mp4-bee_id_291-6855-1_png.rf.a47d2b11958970097c2947b178ebd139.jpg,TRUE
2017-08-30_15-42-59-mp4-bee_id_9335-10275-1_png.rf.2c11a85de820b9d81113f82e8c1b5583.jpg,FALSE
2017-08-28_16-32-55_30_sec-mp4-bee_id_6653-165-1_png.rf.dd1e9accc190c4d4a3bd88545ca8dc48.jpg,TRUE
2017-09-01_3-01-01-mp4-bee_id_2269-45045-1_png.rf.401430809a16d55baf7d356ab4bcdba8.jpg,TRUE
2017-08-30_15-42-59-mp4-bee_id_9336-10395-1_png.rf.a71476f580f6b19f93c2fbb933781120.jpg,FALSE
2017-08-30_15-42-59-mp4-bee_id_9252-5625-1_png.rf.47f3bc118d7ffc03aa97d6a808c737da.jpg,FALSE
2017-08-30_15-42-59-mp4-bee_id_9374-15330-1_png.rf.950e0143bb0519f88a13d34d08db5b9f.jpg,FALSE
2017-08-30_15-42-59-mp4-bee_id_9387-16260-1_png.rf.d5168d3a7e7a41419b2ae1d83f79fba6.jpg,FALSE
2017-08-28_16-32-55_30_sec-mp4-bee_id_6688-915-1_png.rf.90cc75d99718aceb093aae070788e88a.jpg,FALSE
2017-10-17_16-41-10-mp4-bee_id_7011-4395-1_png.rf.8b3af5a2d55bba540d7efeb773db3a9f.jpg,FALSE
2017-09-01_3-01-01-mp4-bee_id_2253-22230-1_png.rf.0566370ac1d42b0006a82336320c9bc8.jpg,TRUE
2017-08-28_16-32-55_30_sec-mp4-bee_id_6683-870-1_png.rf.0b6feb27966726d89e4a62127dab6aab.jpg,TRUE
2017-08-28_16-32-55_30_sec-mp4-bee_id_6669-600-1_png.rf.1744574da210c67253e59728e211103d.jpg,TRUE
2017-08-30_15-42-59-mp4-bee_id_9142-1725-1_png.rf.23d4a2cc817fe83706ed9d03da02805f.jpg,FALSE
2017-08-30_15-42-59-mp4-bee_id_9213-4155-1_png.rf.d9babec4663de2b4a77a3511fb76c5e5.jpg,FALSE
2017-09-01_3-01-01-mp4-bee_id_2291-48075-1_png.rf.60d631e0e1add712fa080c47d2a9f544.jpg,TRUE
2017-10-17_1-39-36-mp4-bee_id_3506-1095-1_png.rf.51decc44bc79eb5e39abb2dae5f490f8.jpg,FALSE
2017-10-17_16-41-10-mp4-bee_id_7002-4215-1_png.rf.f6beb2546fd2598e930689d086300020.jpg,FALSE
2017-09-01_10-54-26-mp4-bee_id_7810-8955-1_png.rf.5bb601f086eba2083814e56126a8bf25.jpg,TRUE
2017-09-25_16-03-38-mp4-bee_id_284-5880-1_png.rf.44c5cf8ce2070aa243d52b93c878bbbd.jpg,FALSE
2017-09-01_3-01-01-mp4-bee_id_2359-53040-1_png.rf.c2d2e40b0623470818dd8431e57718df.jpg,TRUE
2017-09-01_3-01-01-mp4-bee_id_2285-47580-1_png.rf.15cf97738f84cc64c09e2bc31f94dad0.jpg,TRUE
2017-08-30_15-42-59-mp4-bee_id_9291-7635-1_png.rf.04e9b330422e910efb90c948c6fdd3fa.jpg,FALSE
2017-08-30_15-42-59-mp4-bee_id_9214-4215-1_png.rf.7ef4a1f0db9cdd3324c40726b237d55c.jpg,FALSE
2017-09-25_16-03-38-mp4-bee_id_249-1560-1_png.rf.c75bd06657a9584e2824673107ed7bd7.jpg,FALSE
2017-08-30_15-42-59-mp4-bee_id_9342-11670-1_png.rf.a04b1d7acbdc9bd7096f9acc524f6928.jpg,TRUE
2017-08-30_15-42-59-mp4-bee_id_9275-6645-1_png.rf.d8eb893572fc08438bfcbd9fa9a32402.jpg,TRUE
2017-09-01_10-54-26-mp4-bee_id_7742-15-1_png.rf.a89c6c802d056ec6ecca72df1a49f5b6.jpg,FALSE
2017-08-30_15-42-59-mp4-bee_id_9317-8550-1_png.rf.b0593c4022cd723baddb06f17e1806b7.jpg,TRUE
2017-10-17_16-41-10-mp4-bee_id_7007-4305-1_png.rf.5d19d3533e6803e7e6af0fcf86023b6f.jpg,TRUE
2017-10-17_16-41-10-mp4-bee_id_6911-1335-1_png.rf.98898e0b859cee7220036c827677f62a.jpg,FALSE
2017-08-30_15-42-59-mp4-bee_id_9316-8535-1_png.rf.0580e86094d5d8e234c1ec18b05a98d0.jpg,TRUE
2017-08-30_15-42-59-mp4-bee_id_9385-16200-1_png.rf.cc62015b7ce6d830cb3d7d33173c6cfe.jpg,TRUE
2017-08-30_15-42-59-mp4-bee_id_9356-12990-1_png.rf.21d0e5842a48d269964d4ab582b59b98.jpg,FALSE
2017-09-01_10-54-26-mp4-bee_id_7773-5280-1_png.rf.3f87cec0c208b98b6ba35e2b7065b74d.jpg,TRUE
2017-08-30_15-42-59-mp4-bee_id_9139-1650-1_png.rf.56f2e671f49793c580fea7b7caa67362.jpg,FALSE
2017-09-01_3-01-01-mp4-bee_id_2395-56085-1_png.rf.6d5e5a572e0467cffe6e180727a54509.jpg,FALSE
2017-09-01_10-54-26-mp4-bee_id_7804-8475-1_png.rf.77b75c5678543b385344718ebd13ee08.jpg,TRUE
2017-08-30_15-42-59-mp4-bee_id_9093-240-1_png.rf.63cef758e2f8bddce2a393fd48de7142.jpg,FALSE
2017-10-17_16-41-10-mp4-bee_id_6942-2310-1_png.rf.3dd7307991a74bce51920a7ee0f847b6.jpg,FALSE
2017-09-01_3-01-01-mp4-bee_id_2282-47235-1_png.rf.701440253357e6de6a8a550924ec0006.jpg,TRUE
2017-09-01_10-54-26-mp4-bee_id_7750-1470-1_png.rf.c1ca8a3ac6c60895d309ea5dc9a682fb.jpg,FALSE
2017-08-30_15-42-59-mp4-bee_id_9126-1350-1_png.rf.7ea3b132adb8efe3f2a27b6068025aaa.jpg,FALSE
2017-09-25_16-03-38-mp4-bee_id_288-6480-1_png.rf.6f9ff020e945c47b945c2f462f7a3135.jpg,FALSE
2017-10-17_16-41-10-mp4-bee_id_7008-4335-1_png.rf.466048c45ef76fa64258ecaa1fae54cc.jpg,TRUE
2017-10-17_16-41-10-mp4-bee_id_6906-1065-1_png.rf.71e40753883d7e9e1a1993bc2c331274.jpg,FALSE
2017-10-17_16-41-10-mp4-bee_id_6968-3120-1_png.rf.3169d000fd0e28944376401ce5be618d.jpg,FALSE
2017-08-30_15-42-59-mp4-bee_id_9313-8460-1_png.rf.bdfba58f58cfa452863a093defb66d19.jpg,FALSE
2017-09-01_3-01-01-mp4-bee_id_2327-50220-1_png.rf.241a84d389b2d08ca26ad57dbf83d476.jpg,TRUE
2017-09-01_3-01-01-mp4-bee_id_2374-54615-1_png.rf.09fde651b584195762b321a01befe457.jpg,FALSE
2017-08-30_15-42-59-mp4-bee_id_9192-3570-1_png.rf.c7f234d918a0474b592cbb5bb490f6c8.jpg,FALSE
2017-08-30_15-42-59-mp4-bee_id_9318-8565-1_png.rf.735ecf236a8900ec22034865c6983b75.jpg,TRUE
2017-09-01_3-01-01-mp4-bee_id_2284-47385-1_png.rf.94d0fb3aa6598b18a3751161443cfb39.jpg,TRUE
2017-08-30_15-42-59-mp4-bee_id_9439-23115-1_png.rf.daa6b40ea31f24673a9424ee3cf62187.jpg,TRUE
2017-09-01_3-01-01-mp4-bee_id_2394-55650-1_png.rf.b5dda886b74086167ec90c0d539a2f91.jpg,TRUE
2017-10-17_16-41-10-mp4-bee_id_6930-1845-1_png.rf.bc4bd1e3cfbb1fb4bbb8001a457a2c80.jpg,FALSE
2017-08-30_15-42-59-mp4-bee_id_9406-17865-1_png.rf.b78ac4659365d61d577c668eb809d854.jpg,FALSE
2017-08-28_16-31-55-mp4-bee_id_2772-90-1_png.rf.a4861cc3b17c82fa3837980013b3c45e.jpg,TRUE
2017-09-01_3-01-01-mp4-bee_id_2409-57600-1_png.rf.a053377582ef3ca45b9ea4c01301f9c5.jpg,FALSE
2017-08-30_15-42-59-mp4-bee_id_9393-16695-1_png.rf.c61c0b33e26e1dae398ebc0a6516f01d.jpg,FALSE
2017-09-01_3-01-01-mp4-bee_id_2312-49500-1_png.rf.471d8368c7a9e67017369e38953e474e.jpg,TRUE
2017-10-17_1-39-36-mp4-bee_id_3501-780-1_png.rf.ec3f114fb5b7aadbb3911aac7eeadce6.jpg,FALSE
2017-08-30_15-42-59-mp4-bee_id_9155-2265-1_png.rf.3456a9cbd3f409921af76dd59e3df094.jpg,TRUE
2017-08-30_15-42-59-mp4-bee_id_9216-4425-1_png.rf.f895ac90e226c7f2fb6ce11c35e4b3f7.jpg,FALSE
2017-08-30_15-42-59-mp4-bee_id_9165-2670-1_png.rf.c86648c93653d1a079bd585fcc114e1a.jpg,FALSE
2017-09-01_3-01-01-mp4-bee_id_2404-57120-1_png.rf.9b810d9b3c8750ba473be9957bb6c091.jpg,FALSE
2017-10-17_1-39-36-mp4-bee_id_3508-1110-1_png.rf.b7da6c64fc8f8ca9834d0d7c137d6b35.jpg,FALSE
2017-09-01_3-01-01-mp4-bee_id_2329-50400-1_png.rf.2ed3dc517c5604c0d060260208b1dd61.jpg,TRUE
2017-09-25_16-03-38-mp4-bee_id_287-6465-1_png.rf.d891463ef08768c490e72f832ac72243.jpg,FALSE
2017-09-25_16-03-38-mp4-bee_id_229-15-1_png.rf.f51d5528a5ae8f1b5084f963dd33a94f.jpg,FALSE
2017-08-30_15-42-59-mp4-bee_id_9382-15855-1_png.rf.0ee3843d16c4e48f277c5bb50644d0bd.jpg,FALSE
2017-10-17_1-39-36-mp4-bee_id_3469-120-1_png.rf.46e45aaae872f4ff4be20afcbb65e2e3.jpg,FALSE
2017-09-01_10-54-26-mp4-bee_id_7793-7965-1_png.rf.2f486e8b58c49e43ff5a1e2916dabf15.jpg,FALSE
2017-09-01_10-54-26-mp4-bee_id_7741-15-1_png.rf.f2eee82b7b8719221129bdf4f63a4170.jpg,TRUE
2017-09-01_3-01-01-mp4-bee_id_2279-47115-1_png.rf.fad59df8b1fb3868b720a29cfbaa3403.jpg,TRUE
2017-10-17_16-41-10-mp4-bee_id_6883-390-1_png.rf.1b2375eaa83d40113017512a8a0a0e98.jpg,FALSE
2017-09-01_3-01-01-mp4-bee_id_2292-48090-1_png.rf.8c271f6805168ef633a2a5b194f1aae1.jpg,TRUE
2017-10-17_1-39-36-mp4-bee_id_3495-600-1_png.rf.f7b0b10ca430b21476a9bbd576fd72c4.jpg,FALSE
2017-09-01_10-54-26-mp4-bee_id_7752-1560-1_png.rf.6c710d9b2df8b76f337047a3a2ce51e2.jpg,FALSE
2017-09-01_10-54-26-mp4-bee_id_7811-9165-1_png.rf.cea72000c5e2e2b2087555ae6412fe65.jpg,TRUE
2017-10-17_1-39-36-mp4-bee_id_3522-1380-1_png.rf.b61d3fe44a1a91964c7f199db3963fab.jpg,FALSE
2017-09-01_3-01-01-mp4-bee_id_2391-55470-1_png.rf.0030bc7ab13b98786f6dde7e734bbe7d.jpg,TRUE
2017-08-30_15-42-59-mp4-bee_id_9175-3015-1_png.rf.b93a209a87002ef1df5483b486ce379b.jpg,TRUE
2017-08-30_15-42-59-mp4-bee_id_9282-7200-1_png.rf.517fdf74009de75d3260a9aea5224903.jpg,FALSE
2017-09-25_16-03-38-mp4-bee_id_255-2085-1_png.rf.89c668d5a2b31ed6367b2c59a7575df2.jpg,FALSE
2017-08-30_15-42-59-mp4-bee_id_9087-45-1_png.rf.e3b376101dcb560ece77d29b473e6c3a.jpg,FALSE
2017-08-30_15-42-59-mp4-bee_id_9327-8925-1_png.rf.43c7f7dfe82e6ca3250d1b0cba590af2.jpg,FALSE
2017-08-30_15-42-59-mp4-bee_id_9349-12735-1_png.rf.9ed550c2ba9ef48bacc50a3f61a3a207.jpg,FALSE
2017-08-30_15-42-59-mp4-bee_id_9340-11400-1_png.rf.09f1d016138f977f651c77052eb4b4f8.jpg,FALSE
2017-09-01_3-01-01-mp4-bee_id_2244-18225-1_png.rf.9c64c1970ef66ae6ed9654a3655b9909.jpg,FALSE
2017-09-01_3-01-01-mp4-bee_id_2337-50790-1_png.rf.c106755e2520022e582f405689d73fd1.jpg,TRUE
2017-10-17_1-39-36-mp4-bee_id_3459-60-1_png.rf.3ae6235cd4186a040ce1788fdc716fd9.jpg,TRUE
2017-08-30_15-42-59-mp4-bee_id_9235-5055-1_png.rf.43ef8a98cac94432f5374c5cd97aaf8b.jpg,FALSE
2017-08-28_16-32-55_30_sec-mp4-bee_id_6649-135-1_png.rf.3354b3ca91e5232dbc9e55ec74623211.jpg,FALSE
2017-10-17_16-41-10-mp4-bee_id_6902-1005-1_png.rf.1d305f468a08f91c08eec2310c3e8a71.jpg,TRUE
2017-09-01_3-01-01-mp4-bee_id_2267-44580-1_png.rf.3ce97829ebf57b034a7c89d1ea506073.jpg,TRUE
2017-09-01_3-01-01-mp4-bee_id_2350-52065-1_png.rf.1353766296b65cf5b80dba560461f559.jpg,TRUE
2017-10-17_16-41-10-mp4-bee_id_6936-1980-1_png.rf.61cc91f566a59f13f669f50774895d83.jpg,FALSE
2017-09-25_16-03-38-mp4-bee_id_280-4740-1_png.rf.0e7aabe64efbe89a782dc69887e8070b.jpg,TRUE
2017-10-17_16-41-10-mp4-bee_id_7022-4620-1_png.rf.176ac5204144b843d18d179742edcb36.jpg,FALSE
2017-08-30_15-42-59-mp4-bee_id_9307-8220-1_png.rf.df7237b25be8f19fdfe07c31f7c88901.jpg,FALSE
2017-09-25_16-03-38-mp4-bee_id_253-1935-1_png.rf.3be43a6ac3bacda0152a935c362c2144.jpg,FALSE
2017-09-01_3-01-01-mp4-bee_id_2299-48915-1_png.rf.d7548c0006d3a1e0a6277d89d84be6a1.jpg,TRUE
2017-08-30_15-42-59-mp4-bee_id_9243-5265-1_png.rf.4885a74ec3d8e07248fa46a62e16648a.jpg,FALSE
2017-08-28_16-32-55_30_sec-mp4-bee_id_6664-480-1_png.rf.10017978674f88f75cdd0a91953133d6.jpg,FALSE
2017-10-17_16-41-10-mp4-bee_id_6886-420-1_png.rf.f30f61636bcadbda94fa9f7c8ad5b37f.jpg,FALSE
2017-08-30_15-42-59-mp4-bee_id_9310-8385-1_png.rf.1b2bc1ebbade9dd9b3bab61765526b44.jpg,TRUE
2017-09-01_3-01-01-mp4-bee_id_2286-47775-1_png.rf.d91fed14dea09fe5ccd2d9eae83d4e79.jpg,TRUE
2017-08-30_15-42-59-mp4-bee_id_9090-135-1_png.rf.960077deba09364baa95f42ede838ca5.jpg,TRUE
2017-09-25_16-03-38-mp4-bee_id_256-2175-1_png.rf.b454569df49972acad18989aee18ec18.jpg,FALSE
2017-10-17_1-39-36-mp4-bee_id_3470-120-1_png.rf.0973fbfb54199a91f828bd43fda44680.jpg,FALSE
2017-10-17_16-41-10-mp4-bee_id_6912-1350-1_png.rf.82043002e74ab7ad8e4a00e0b53d76db.jpg,FALSE
2017-08-30_15-42-59-mp4-bee_id_9328-9045-1_png.rf.415ec35f422d0c1b2183366c817dabd4.jpg,FALSE
2017-08-30_15-42-59-mp4-bee_id_9100-525-1_png.rf.e011a209ab3ba38ac16b2eab3a64a524.jpg,FALSE
2017-10-17_1-39-36-mp4-bee_id_3484-450-1_png.rf.06d5edd5b9d7f77c1c5c67e172905d97.jpg,FALSE
2017-08-30_15-42-59-mp4-bee_id_9296-7740-1_png.rf.d1c32212a52b3f4faecd21fc5097cf77.jpg,FALSE
2017-09-01_3-01-01-mp4-bee_id_2341-50955-1_png.rf.424e02b174ab59f324c8b748c1dd7d89.jpg,TRUE
2017-08-30_15-42-59-mp4-bee_id_9442-23295-1_png.rf.65142889d6b44dad85837f9fc55acfc7.jpg,FALSE
2017-09-01_10-54-26-mp4-bee_id_7757-2625-1_png.rf.a37b264ba4f9bdefde8f8462a724cd09.jpg,TRUE
2017-09-01_10-54-26-mp4-bee_id_7743-390-1_png.rf.65abff2126973dccd9467eedeeacdc67.jpg,TRUE
2017-08-30_15-42-59-mp4-bee_id_9164-2655-1_png.rf.398ccd0ecea7b9d1196d88a5bf98676c.jpg,FALSE
2017-09-01_3-01-01-mp4-bee_id_2361-53460-1_png.rf.22c8e4f8a41c17501450f58c28f2de1d.jpg,TRUE
2017-09-01_3-01-01-mp4-bee_id_2344-51195-1_png.rf.74787231388578b32415bec7a99d3b9c.jpg,TRUE
2017-09-01_3-01-01-mp4-bee_id_2308-49230-1_png.rf.dbd96015ba9216e9110dae23cd8e029c.jpg,TRUE
2017-09-01_10-54-26-mp4-bee_id_7796-8040-1_png.rf.41049242ab576771bc5c1a46f04420c7.jpg,TRUE
2017-09-01_3-01-01-mp4-bee_id_2297-48840-1_png.rf.c045ee4aca8e1cc02b13c29c3da91dd9.jpg,TRUE
2017-10-17_16-41-10-mp4-bee_id_6874-135-1_png.rf.d99055ced3a185068559ce3984489a55.jpg,FALSE
2017-10-17_1-39-36-mp4-bee_id_3479-285-1_png.rf.711e1e5e5c4e8092c9581e487884ebf4.jpg,FALSE
2017-10-17_16-41-10-mp4-bee_id_6999-4155-1_png.rf.53ab044a28380de8e486be67b2f9d2d1.jpg,FALSE
2017-09-01_3-01-01-mp4-bee_id_2381-55065-1_png.rf.b4775bd81f93d5164bd4f626c1005406.jpg,FALSE
2017-08-30_15-42-59-mp4-bee_id_9332-9180-1_png.rf.07fdf9a3e7cfd5c223473a6bb2d27b27.jpg,FALSE
2017-08-30_15-42-59-mp4-bee_id_9227-4560-1_png.rf.b6ff74c940d8a60633aea6d9563d323a.jpg,TRUE
2017-08-30_15-42-59-mp4-bee_id_9262-6105-1_png.rf.5040a30f44df8391f5530035836ca61b.jpg,FALSE
2017-08-30_15-42-59-mp4-bee_id_9337-10455-1_png.rf.3285984438bf4526f1bd93593079be9f.jpg,FALSE
2017-09-01_3-01-01-mp4-bee_id_2328-50280-1_png.rf.06bc60197a6c08b073674632f3548cf4.jpg,TRUE
2017-08-30_15-42-59-mp4-bee_id_9360-13695-1_png.rf.d05f782ecefaac1ed0d6ab6bba50de21.jpg,FALSE
2017-09-01_10-54-26-mp4-bee_id_7803-8445-1_png.rf.c1cb52ea9e20acf77588ae24380dfb8f.jpg,FALSE
2017-08-28_16-32-55_30_sec-mp4-bee_id_6657-285-1_png.rf.dd81b8654f6041047952ecddabb8eedb.jpg,FALSE
2017-09-01_3-01-01-mp4-bee_id_2324-50115-1_png.rf.bbfae1910f802d70c8085d55ec750a47.jpg,TRUE
2017-08-30_15-42-59-mp4-bee_id_9333-9195-1_png.rf.772a0f87018c6119ccce3c0e42d2e3d1.jpg,FALSE
2017-10-17_16-41-10-mp4-bee_id_6882-375-1_png.rf.88a760e12a0f2404462be5ded65474bb.jpg,FALSE
2017-09-01_3-01-01-mp4-bee_id_2272-46020-1_png.rf.1c736c08154ea28a87b73474d4bc2208.jpg,TRUE
2017-09-01_3-01-01-mp4-bee_id_2355-52710-1_png.rf.04a7b54b88496dfb0e4736bb6a515257.jpg,TRUE
2017-10-17_16-41-10-mp4-bee_id_7035-5010-1_png.rf.dd88b31823b57fc21c36560cb933dc73.jpg,FALSE
2017-08-30_15-42-59-mp4-bee_id_9331-9165-1_png.rf.4ce0de53c243769fdca21c5cdc1c4068.jpg,TRUE
2017-08-30_15-42-59-mp4-bee_id_9152-2100-1_png.rf.ede6e4ae5dd6a5a4c861200570c0a4db.jpg,FALSE
2017-09-01_3-01-01-mp4-bee_id_2268-44820-1_png.rf.d6b38205178758c8458c66eb837473b4.jpg,TRUE
2017-09-01_3-01-01-mp4-bee_id_2245-18300-1_png.rf.b7348db447dd2063a222a38339bc48be.jpg,TRUE
2017-09-01_3-01-01-mp4-bee_id_2349-51900-1_png.rf.da4c1c1ce7c1415329fb43aa68c7a72b.jpg,TRUE
2017-09-01_3-01-01-mp4-bee_id_2263-44115-1_png.rf.8d92325ae8e045287c91adc58ec100bd.jpg,FALSE
2017-10-17_16-41-10-mp4-bee_id_6872-120-1_png.rf.b4eda68cdb1c7224a40c589faa462c39.jpg,FALSE
2017-08-30_15-42-59-mp4-bee_id_9124-1245-1_png.rf.8d64180e59e24084ea0dd8cd49c4d49d.jpg,FALSE
2017-10-17_1-39-36-mp4-bee_id_3466-105-1_png.rf.77eae86a1bbffa7b44999af096add1cf.jpg,FALSE
2017-08-30_15-42-59-mp4-bee_id_9202-3780-1_png.rf.df5ca3f8037cbf65319bde5dd71a67f0.jpg,FALSE
2017-08-30_15-42-59-mp4-bee_id_9191-3540-1_png.rf.74126b51c9e2f326e5967ac1c720f9d3.jpg,FALSE
2017-08-30_15-42-59-mp4-bee_id_9102-630-1_png.rf.b45a68af28a0c2401cfd1a8b61cb31fb.jpg,FALSE
2017-09-01_3-01-01-mp4-bee_id_2338-50880-1_png.rf.2ea8cd94d866d86afa3484cc9fb2e9e3.jpg,TRUE
2017-10-17_16-41-10-mp4-bee_id_6958-2805-1_png.rf.b3a4c272f56c2c707990b14b773215a4.jpg,FALSE
2017-08-28_16-32-55_30_sec-mp4-bee_id_6650-135-1_png.rf.67e09605002a80b953ea78eebf36a4a6.jpg,TRUE
2017-10-17_16-41-10-mp4-bee_id_7027-4785-1_png.rf.776e22a0c4ef48db860b6c38bca953be.jpg,FALSE
2017-09-25_16-03-38-mp4-bee_id_235-75-1_png.rf.51ebe81aa5ea4822833872094a6aea84.jpg,FALSE
2017-09-01_3-01-01-mp4-bee_id_2343-50985-1_png.rf.059e0313b0ffb51e4a84e20d6006a3d2.jpg,TRUE
2017-09-01_3-01-01-mp4-bee_id_2270-45465-1_png.rf.ccb2e707752c70614773935a27e9a3ad.jpg,TRUE
2017-08-30_15-42-59-mp4-bee_id_9181-3150-1_png.rf.a952f1aff8ce3ddb061ce65cd6854151.jpg,FALSE
2017-09-01_3-01-01-mp4-bee_id_2266-44235-1_png.rf.90dc9b50be9a6e0a0fbc0a5b811c3053.jpg,TRUE
2017-08-30_15-42-59-mp4-bee_id_9221-4485-1_png.rf.8a09b00111dd3eeec9d371aa35de5877.jpg,FALSE
2017-08-30_15-42-59-mp4-bee_id_9101-555-1_png.rf.8daed5ac1d643ea16851c2f38a0db470.jpg,FALSE
2017-10-17_1-39-36-mp4-bee_id_3510-1185-1_png.rf.9504c38e3b372c065b51fa087658b9c3.jpg,TRUE
2017-09-01_3-01-01-mp4-bee_id_2387-55305-1_png.rf.b183c4745c98c285c32382e482c10306.jpg,FALSE
2017-10-17_1-39-36-mp4-bee_id_3464-60-1_png.rf.d04d1b3b8712de7a0703d6519ad07ddb.jpg,FALSE
2017-08-30_15-42-59-mp4-bee_id_9144-1755-1_png.rf.f3503810d47ce57703b09c2eef80b955.jpg,FALSE
2017-09-25_16-03-38-mp4-bee_id_244-1200-1_png.rf.261130bb9451297bc646151dd690c6cc.jpg,FALSE
2017-10-17_1-39-36-mp4-bee_id_3509-1140-1_png.rf.4cc8e0cfc1aac11dd1130d4cd206fe0c.jpg,FALSE
2017-08-30_15-42-59-mp4-bee_id_9091-165-1_png.rf.a7a8796ca44ec3bafd16f0d5c72f11d2.jpg,FALSE
2017-10-17_1-39-36-mp4-bee_id_3497-660-1_png.rf.06417eb621bdf027863a9a9d0bb05028.jpg,TRUE
2017-09-25_16-03-38-mp4-bee_id_281-5040-1_png.rf.c6194e8c276baf959f1c39120beb2ee6.jpg,FALSE
2017-09-01_10-54-26-mp4-bee_id_7776-5445-1_png.rf.c094dbd7b13385899f0966f3e6d7f7c4.jpg,FALSE
2017-10-17_16-41-10-mp4-bee_id_6971-3165-1_png.rf.7de53b49d746fd6f5fbba68983155f85.jpg,FALSE
2017-08-30_15-42-59-mp4-bee_id_9267-6285-1_png.rf.229ebe21b98c51cee5059c00d84d5c82.jpg,TRUE
2017-09-01_3-01-01-mp4-bee_id_2257-42300-1_png.rf.ea516a05a8c81a209668d2d111e41433.jpg,TRUE
2017-09-01_3-01-01-mp4-bee_id_2346-51810-1_png.rf.aeed7c4bd9c82d252d75dd757120898d.jpg,TRUE
2017-09-01_3-01-01-mp4-bee_id_2333-50505-1_png.rf.faf4a72989319e574bc195073866af70.jpg,TRUE
2017-08-30_15-42-59-mp4-bee_id_9293-7665-1_png.rf.b4308ccd02cbe475707c11a068cf600a.jpg,TRUE
2017-08-30_15-42-59-mp4-bee_id_9347-11880-1_png.rf.18a52d3caf18a98aa2e057a45f851e16.jpg,FALSE
2017-10-17_16-41-10-mp4-bee_id_6979-3525-1_png.rf.cd8322ccdc0f16cac4de693f0ce061b9.jpg,FALSE
2017-08-30_15-42-59-mp4-bee_id_9433-22665-1_png.rf.dee89c3e9f9f31402017f27f87a88bed.jpg,TRUE
2017-08-30_15-42-59-mp4-bee_id_9251-5595-1_png.rf.9a9fc845d99ea78d6d33935ce09a9c7d.jpg,TRUE
2017-09-01_3-01-01-mp4-bee_id_2354-52530-1_png.rf.372fe8ebca9d4980745b0459152f19c5.jpg,FALSE
2017-09-01_3-01-01-mp4-bee_id_2300-48975-1_png.rf.0f2f3f49e97f8ee3d2223882d28f6c84.jpg,TRUE
2017-10-17_1-39-36-mp4-bee_id_3500-750-1_png.rf.8e98406f2647beefde27f2247fb450e9.jpg,FALSE
2017-09-25_16-03-38-mp4-bee_id_276-4530-1_png.rf.c34681700ad4eeabaedd4953e6fe8603.jpg,FALSE
2017-09-01_3-01-01-mp4-bee_id_2247-18495-1_png.rf.3245950958cf10b25407aa379e339280.jpg,TRUE
2017-08-30_15-42-59-mp4-bee_id_9108-765-1_png.rf.1f5915536f87ae414753e475d77e8035.jpg,TRUE
2017-08-30_15-42-59-mp4-bee_id_9268-6315-1_png.rf.b5eafd01f73a5596b04a2c4b069e924b.jpg,FALSE
2017-08-30_15-42-59-mp4-bee_id_9286-7395-1_png.rf.8ca106e92d8a6c9b66ba4c69c73e2a84.jpg,FALSE
2017-10-17_16-41-10-mp4-bee_id_7023-4650-1_png.rf.5a4e1c0230bac3d5072a196bc72687d1.jpg,FALSE
2017-10-17_16-41-10-mp4-bee_id_7001-4200-1_png.rf.298c9f8cf6cc10d96a867bce6f1b94fe.jpg,FALSE
2017-10-17_16-41-10-mp4-bee_id_6984-3645-1_png.rf.7690637ed7de290fcea402f3414993ff.jpg,FALSE
2017-09-01_3-01-01-mp4-bee_id_2242-9195-1_png.rf.9ee43b39c98a7222ced5e848d69d7251.jpg,TRUE
2017-08-30_15-42-59-mp4-bee_id_9376-15525-1_png.rf.05aec36897e7e39ececccb05a00960a3.jpg,FALSE
2017-08-30_15-42-59-mp4-bee_id_9239-5100-1_png.rf.13da560c8e0dc6de30c3b5b970aeee76.jpg,FALSE
2017-08-30_15-42-59-mp4-bee_id_9368-14970-1_png.rf.b2cfe9c2ae5bd0e59fed304c8024ca19.jpg,FALSE
2017-08-28_16-32-55_30_sec-mp4-bee_id_6679-705-1_png.rf.e29ecbf10063375dba899613c9b06d1b.jpg,TRUE
2017-08-30_15-42-59-mp4-bee_id_9323-8745-1_png.rf.ec82cfc2f485aa2a9c345c142479d68d.jpg,FALSE
2017-09-01_3-01-01-mp4-bee_id_2383-55155-1_png.rf.831c6add26599190ed95e069ef3acd85.jpg,FALSE
2017-09-01_3-01-01-mp4-bee_id_2319-49830-1_png.rf.64918615c7f016c25fd0bafffc992700.jpg,TRUE
2017-08-30_15-42-59-mp4-bee_id_9228-4575-1_png.rf.7c97cab46ae9a2981c5ebbdb0ec73c97.jpg,FALSE
2017-08-30_15-42-59-mp4-bee_id_9127-1350-1_png.rf.43cf31e02e761338bf1112c93f15e22e.jpg,FALSE
2017-09-25_16-03-38-mp4-bee_id_292-6900-1_png.rf.e08aff798a28571eadcea8ae6c04d2df.jpg,FALSE
2017-10-17_1-39-36-mp4-bee_id_3517-1305-1_png.rf.855bd1c131e8b1779838499dc51a7458.jpg,TRUE
2017-08-28_16-31-55-mp4-bee_id_2771-90-1_png.rf.becefc68876970b5d0248367df71f4fc.jpg,TRUE
2017-10-17_16-41-10-mp4-bee_id_7020-4605-1_png.rf.fcc7b538e6fc30a1b7103d9288e1c55a.jpg,FALSE
2017-09-25_16-03-38-mp4-bee_id_269-3225-1_png.rf.ed32e45a4fc8bd31545d13f7641a6ae4.jpg,TRUE
2017-10-17_1-39-36-mp4-bee_id_3507-1095-1_png.rf.d0c09b0fa21542a4745cd5038441772b.jpg,FALSE
2017-08-30_15-42-59-mp4-bee_id_9146-1800-1_png.rf.9d00786f53294b958bec0a4b279de14d.jpg,FALSE
2017-08-30_15-42-59-mp4-bee_id_9367-14955-1_png.rf.b866780ddb7982d8f2d3d5f51aa801a6.jpg,TRUE
2017-08-30_15-42-59-mp4-bee_id_9326-8880-1_png.rf.f41de50a912efcbe0ad3b2c03ae9cbb7.jpg,FALSE
2017-10-17_16-41-10-mp4-bee_id_7039-5175-1_png.rf.76f3ec9e55b17a0c40b35c1d4d5acf21.jpg,TRUE
2017-09-01_3-01-01-mp4-bee_id_2377-54720-1_png.rf.5a176a6ec76f003ea043ba499936e8cf.jpg,FALSE
2017-09-01_3-01-01-mp4-bee_id_2298-48870-1_png.rf.5cf8dec52b4873037cbdd8c67e7241c6.jpg,TRUE
2017-08-30_15-42-59-mp4-bee_id_9364-14850-1_png.rf.bd840f9d8df4bb727ffc2b7f7b3bb5ab.jpg,FALSE
2017-08-30_15-42-59-mp4-bee_id_9383-15855-1_png.rf.63fb55477a854350122c882d8fc26bb1.jpg,FALSE
2017-08-30_15-42-59-mp4-bee_id_9148-1875-1_png.rf.e639e65c0dd01ca2211dc94f988491a6.jpg,FALSE
2017-08-30_15-42-59-mp4-bee_id_9234-5040-1_png.rf.94d74ac600954e7ef25e376bdb9f330e.jpg,FALSE
2017-08-30_15-42-59-mp4-bee_id_9290-7590-1_png.rf.2b2a2787dafb9e29b742f012fc568137.jpg,TRUE
2017-10-17_16-41-10-mp4-bee_id_7025-4665-1_png.rf.b532f0dfcbb9aff6fe141dc9519d6a8a.jpg,FALSE
2017-08-30_15-42-59-mp4-bee_id_9384-16035-1_png.rf.4dc60163da6ead58dba03ab5c640357d.jpg,FALSE
2017-08-30_15-42-59-mp4-bee_id_9203-3885-1_png.rf.d36af3cf80c8cdf29eb8d6c3308485d6.jpg,FALSE
2017-08-28_16-32-55_30_sec-mp4-bee_id_6678-705-1_png.rf.5451c717969516bccf7e08a22a881e07.jpg,FALSE
2017-08-30_15-42-59-mp4-bee_id_9157-2325-1_png.rf.8c07f77b49b0328a7763cfe7fb963e93.jpg,FALSE
2017-09-01_3-01-01-mp4-bee_id_2410-57600-1_png.rf.e1b445aae62714cf48eb21aaa6306cd9.jpg,TRUE
2017-09-01_3-01-01-mp4-bee_id_2301-48990-1_png.rf.53136834e5e754e2a005b7371def2374.jpg,TRUE
2017-08-30_15-42-59-mp4-bee_id_9321-8685-1_png.rf.69c771f0c8fb04b715b23005585fadae.jpg,FALSE
2017-10-17_1-39-36-mp4-bee_id_3460-60-1_png.rf.495ec24fce5ed27982e49bc8eb95caf8.jpg,FALSE
2017-09-01_10-54-26-mp4-bee_id_7774-5295-1_png.rf.7d7845d65d2594519f085fe9bf1280ec.jpg,TRUE
2017-08-30_15-42-59-mp4-bee_id_9211-4065-1_png.rf.c14082d6f53e0f2e46fcd87bb6a1bb75.jpg,FALSE
2017-08-30_15-42-59-mp4-bee_id_9195-3600-1_png.rf.83a3fca9b5b3cff127c38faa916dcbff.jpg,FALSE
2017-10-17_16-41-10-mp4-bee_id_6903-1035-1_png.rf.cce600d7183959a0d74700c99452ffe7.jpg,FALSE
2017-09-25_16-03-38-mp4-bee_id_237-270-1_png.rf.9456277bd048e9d844f783857618f295.jpg,FALSE
2017-08-30_15-42-59-mp4-bee_id_9345-11805-1_png.rf.11e7d6270d0da86c8ffc00394efd0d28.jpg,FALSE
2017-09-25_16-03-38-mp4-bee_id_243-1065-1_png.rf.7e058f74277e2c1de889c4768d7423af.jpg,TRUE
2017-08-30_15-42-59-mp4-bee_id_9170-2865-1_png.rf.718d1fbc39179a3455c243651cada329.jpg,FALSE
2017-08-30_15-42-59-mp4-bee_id_9199-3690-1_png.rf.4443fe5d1bf390a2a8b07cb6833c00fe.jpg,FALSE
2017-09-01_10-54-26-mp4-bee_id_7768-4950-1_png.rf.c5156ee05c7f14d0d7d93fb3175cfe2d.jpg,FALSE
2017-10-17_16-41-10-mp4-bee_id_6925-1650-1_png.rf.5d1a11555d22ef3077fe4dc94243e158.jpg,TRUE
2017-10-17_16-41-10-mp4-bee_id_7010-4380-1_png.rf.bd656e26a404d579b8a283146114eb6f.jpg,FALSE
2017-08-30_15-42-59-mp4-bee_id_9082-15-1_png.rf.d071296ee35b481e84c9c874326e0a1d.jpg,FALSE
2017-08-28_16-32-55_30_sec-mp4-bee_id_6646-120-1_png.rf.b29c7e74f878e9f6602d300e304dcd18.jpg,FALSE
2017-08-30_15-42-59-mp4-bee_id_9258-5940-1_png.rf.53f71a49f63094ff39ec0878a7ce3cc6.jpg,FALSE
2017-08-30_15-42-59-mp4-bee_id_9188-3495-1_png.rf.f47f8dbfa8782d8df71eb524740e331d.jpg,FALSE
2017-09-01_3-01-01-mp4-bee_id_2288-47940-1_png.rf.e55b7267f1779e900669f081b3fbb97b.jpg,TRUE
2017-10-17_16-41-10-mp4-bee_id_6871-90-1_png.rf.e54ae280fb153913293224a046fa2e16.jpg,FALSE
2017-08-30_15-42-59-mp4-bee_id_9238-5085-1_png.rf.bdfddb63494667854820549aa3fd5495.jpg,FALSE
2017-09-01_3-01-01-mp4-bee_id_2313-49515-1_png.rf.be6399e94da6e884ecb608d9d2007b85.jpg,TRUE
2017-10-17_1-39-36-mp4-bee_id_3461-60-1_png.rf.f31136beb25043fce18ae8f6674468bc.jpg,FALSE
2017-08-28_16-32-55_30_sec-mp4-bee_id_6668-585-1_png.rf.280ec46b3a5f2bf745b25f46ab05759e.jpg,FALSE
2017-08-30_15-42-59-mp4-bee_id_9253-5685-1_png.rf.6c55eb76d60077eab30f9da2d56fa074.jpg,FALSE
2017-09-01_10-54-26-mp4-bee_id_7751-1500-1_png.rf.4aa3ec30b0a1f26bf33b425e70a332f3.jpg,FALSE
2017-09-01_3-01-01-mp4-bee_id_2322-50085-1_png.rf.0e09f8dbf4fbe0cc5c4543aa0f9d6d30.jpg,TRUE
2017-09-01_3-01-01-mp4-bee_id_2360-53445-1_png.rf.e5930e5f68420298b1300b9698850888.jpg,TRUE
2017-08-30_15-42-59-mp4-bee_id_9256-5820-1_png.rf.270cdffd74e6e13e86b57ee35e759f56.jpg,TRUE
2017-08-30_15-42-59-mp4-bee_id_9154-2190-1_png.rf.8a9dc687c595ffe074bc87068f8c1399.jpg,FALSE
2017-10-17_16-41-10-mp4-bee_id_6992-3855-1_png.rf.4ab3e5fdd84402ac0d038380a050277e.jpg,FALSE
2017-08-30_15-42-59-mp4-bee_id_9128-1425-1_png.rf.b73cfca0ad6469deca955714e02bfb3b.jpg,FALSE
2017-08-30_15-42-59-mp4-bee_id_9431-22620-1_png.rf.bfb907990156b00479c1fa4bc6d0f195.jpg,TRUE
2017-08-30_15-42-59-mp4-bee_id_9220-4470-1_png.rf.9eb48e1c9e0d86ab52d20ec4e4e28308.jpg,FALSE
2017-09-01_3-01-01-mp4-bee_id_2390-55455-1_png.rf.fa3024f72d5d9a87e58a35742c73241d.jpg,TRUE
2017-10-17_16-41-10-mp4-bee_id_6932-1890-1_png.rf.bf2b4252b542648b8f93793fe6589dd2.jpg,FALSE
2017-10-17_16-41-10-mp4-bee_id_6891-645-1_png.rf.777c07e1e0ecf38792b2cf9f0625d331.jpg,FALSE
2017-10-17_16-41-10-mp4-bee_id_7026-4725-1_png.rf.7d7c1e8a0796ef4f9d717194be3c902e.jpg,FALSE
2017-08-30_15-42-59-mp4-bee_id_9434-22785-1_png.rf.553c2c094071ff8d71b48b091026f03f.jpg,TRUE
2017-08-30_15-42-59-mp4-bee_id_9143-1740-1_png.rf.9e18ca1d2fc5948a6b4c96913d41e742.jpg,TRUE
2017-08-28_16-32-55_30_sec-mp4-bee_id_6652-150-1_png.rf.8dd41ad193c47e0d93da988dafa2e9f1.jpg,FALSE
2017-08-30_15-42-59-mp4-bee_id_9136-1545-1_png.rf.911bd85ca807c1b34aa35a7784f7e1b0.jpg,TRUE
2017-09-01_3-01-01-mp4-bee_id_2273-46230-1_png.rf.e0e7255b1b89f62942e7796cffeb773a.jpg,TRUE
2017-08-30_15-42-59-mp4-bee_id_9277-6735-1_png.rf.4063ba90aa8ed7c9fc2e72ba776ed7ac.jpg,TRUE
2017-10-17_1-39-36-mp4-bee_id_3489-480-1_png.rf.182844ccc332ea9f0994acc945a8b77f.jpg,FALSE
2017-08-28_16-32-55_30_sec-mp4-bee_id_6694-975-1_png.rf.d45c70167496f8c79bab14a1b62023c5.jpg,TRUE
2017-08-30_15-42-59-mp4-bee_id_9371-15150-1_png.rf.5ffad494fbd1baf1143a9834d57e4ebb.jpg,TRUE
2017-08-30_15-42-59-mp4-bee_id_9285-7380-1_png.rf.e1c27c5cc3fc55281e8cf4dbebdcfd29.jpg,FALSE
2017-09-25_16-03-38-mp4-bee_id_265-2850-1_png.rf.81602d41aa49a76bd20655ba22932a07.jpg,TRUE
2017-09-01_3-01-01-mp4-bee_id_2398-56610-1_png.rf.a4844d62cdd1953fb6f8b43bec34f118.jpg,FALSE
2017-08-28_16-32-55_30_sec-mp4-bee_id_6642-60-1_png.rf.326186af084da50c1575dd8a8066019d.jpg,TRUE
2017-08-30_15-42-59-mp4-bee_id_9352-12780-1_png.rf.e8a4cba9151053ecc0449b8bcd110729.jpg,FALSE
2017-10-17_1-39-36-mp4-bee_id_3482-315-1_png.rf.0f889b5692e6fad08732359ed6ce1e3a.jpg,TRUE
2017-08-30_15-42-59-mp4-bee_id_9106-705-1_png.rf.031ae5c5cf35d92b43b60070f7eb9fd9.jpg,FALSE
2017-10-17_16-41-10-mp4-bee_id_7038-5100-1_png.rf.18da932ca11fab9e0385dd4972dd2da6.jpg,FALSE
2017-08-30_15-42-59-mp4-bee_id_9210-4035-1_png.rf.76682569a369b9590fcad65cbac15de1.jpg,TRUE
2017-09-01_10-54-26-mp4-bee_id_7754-2355-1_png.rf.37e7b9a8267961d3f910c24e39071333.jpg,TRUE
2017-08-30_15-42-59-mp4-bee_id_9230-4725-1_png.rf.acad0f1fbfaf014a4de382da509aae42.jpg,FALSE
2017-08-30_15-42-59-mp4-bee_id_9083-15-1_png.rf.affc25f41dcaaeee426ce526e4d79938.jpg,FALSE
2017-09-01_3-01-01-mp4-bee_id_2304-49050-1_png.rf.0f882cfb568b4e39d51ab5ea28b9e945.jpg,TRUE
2017-08-30_15-42-59-mp4-bee_id_9269-6450-1_png.rf.b356b5ff43dd70b2958032bef12dbc1d.jpg,FALSE
2017-10-17_16-41-10-mp4-bee_id_6941-2235-1_png.rf.d23a2d7ff25e839e3d21231b9871b48f.jpg,TRUE
2017-08-30_15-42-59-mp4-bee_id_9150-2040-1_png.rf.47d03f233161425a63b2d933b6e7af8c.jpg,FALSE
2017-09-01_3-01-01-mp4-bee_id_2375-54690-1_png.rf.a58cd73207e2f1fd38fe6ccad5783fce.jpg,FALSE
2017-08-30_15-42-59-mp4-bee_id_9379-15690-1_png.rf.497f484f75672b6c9414d1d583e6e4a2.jpg,TRUE
2017-10-17_16-41-10-mp4-bee_id_6970-3165-1_png.rf.ea7c767c699bc09e1106158503d960a6.jpg,FALSE
2017-09-01_3-01-01-mp4-bee_id_2311-49470-1_png.rf.dae18c557e746874fbb83e9ec66ab98e.jpg,TRUE
2017-08-30_15-42-59-mp4-bee_id_9319-8580-1_png.rf.2717af33f445df6f53ede4e52bc592f8.jpg,TRUE
2017-09-25_16-03-38-mp4-bee_id_260-2325-1_png.rf.2a953f692a5ad613efe1c72015dd0c01.jpg,TRUE
2017-09-01_3-01-01-mp4-bee_id_2303-49035-1_png.rf.b9f5d588bb94933a04f5c09b13be3d88.jpg,TRUE
2017-10-17_16-41-10-mp4-bee_id_7036-5025-1_png.rf.c914660e8d8ba5c55d40c9121470c76d.jpg,TRUE
2017-09-01_3-01-01-mp4-bee_id_2363-53685-1_png.rf.4f56836455bf442113c04ddc280e2b5d.jpg,TRUE
2017-10-17_1-39-36-mp4-bee_id_3520-1365-1_png.rf.646881960ad6106e788d8f4d9838b447.jpg,TRUE
2017-09-01_3-01-01-mp4-bee_id_2248-19560-1_png.rf.953d4992c658f8042b70e87a30ac1903.jpg,TRUE
2017-09-25_16-03-38-mp4-bee_id_242-840-1_png.rf.e719559ccf6a24c3bcb6318f5b980dbc.jpg,TRUE
2017-08-30_15-42-59-mp4-bee_id_9246-5535-1_png.rf.33e69da94c42be9b67ac6221987a8b41.jpg,FALSE
2017-09-01_3-01-01-mp4-bee_id_2252-21495-1_png.rf.8beb610acde884b4e253a1a6218168c5.jpg,TRUE
2017-09-01_10-54-26-mp4-bee_id_7765-4575-1_png.rf.6c6efedcd74010ba2a2472c80632da5d.jpg,FALSE
2017-10-17_1-39-36-mp4-bee_id_3465-75-1_png.rf.7ea583732d4feaf041ccad47c1bf6905.jpg,FALSE
2017-08-30_15-42-59-mp4-bee_id_9173-2925-1_png.rf.e8bc7d76b67d46d78dfb6da078e1edec.jpg,FALSE
2017-09-01_3-01-01-mp4-bee_id_2402-56805-1_png.rf.77e727df339467e523e3752bc98f9daa.jpg,FALSE
2017-10-17_16-41-10-mp4-bee_id_6905-1065-1_png.rf.2c9856009541551493a15e16f730d08b.jpg,FALSE
2017-10-17_16-41-10-mp4-bee_id_7032-4935-1_png.rf.dc15137125a730430e9a4f6b6b77db36.jpg,FALSE
2017-09-01_10-54-26-mp4-bee_id_7798-8145-1_png.rf.64a157c8f24d75a48092f429a4dabaf8.jpg,TRUE
2017-10-17_16-41-10-mp4-bee_id_6948-2505-1_png.rf.06cbbe512b258dc097903747c959920b.jpg,FALSE
2017-08-30_15-42-59-mp4-bee_id_9278-6810-1_png.rf.ed22751e516e13d69dddbda8c6a48745.jpg,FALSE
2017-08-30_15-42-59-mp4-bee_id_9184-3420-1_png.rf.5de14d69f161965d5b3701f50d0a9568.jpg,FALSE
2017-08-30_15-42-59-mp4-bee_id_9350-12750-1_png.rf.f6e81af275ace95af0aee2c67ac15992.jpg,FALSE
2017-09-01_10-54-26-mp4-bee_id_7764-4320-1_png.rf.b1114ff1441a82a4b4445da6e89aa7f7.jpg,TRUE
2017-08-30_15-42-59-mp4-bee_id_9114-1020-1_png.rf.7100446e5c55412a3dbd40dad263e09c.jpg,FALSE
2017-08-30_15-42-59-mp4-bee_id_9396-17100-1_png.rf.a4bf88d63c9758511fdd386d796f2154.jpg,TRUE
2017-09-01_3-01-01-mp4-bee_id_2347-51840-1_png.rf.ce2d939d8df020ef8dc570626f0ff897.jpg,TRUE
2017-09-01_3-01-01-mp4-bee_id_2249-19830-1_png.rf.72460f0f0b5a88a8e8f9d322a9e1cdc8.jpg,TRUE
2017-10-17_16-41-10-mp4-bee_id_6923-1635-1_png.rf.58605bb644fc5309df977b37823e3bb6.jpg,TRUE
2017-10-17_16-41-10-mp4-bee_id_6877-150-1_png.rf.501f94b95b44e0c5e16345784f4f46e2.jpg,FALSE
2017-10-17_1-39-36-mp4-bee_id_3505-960-1_png.rf.2084ba176a15d3d80a3d9776107cb95a.jpg,FALSE
2017-08-30_15-42-59-mp4-bee_id_9218-4470-1_png.rf.f632bd227a0acc8f1e98d28ce47bcae9.jpg,FALSE
2017-08-30_15-42-59-mp4-bee_id_9117-1155-1_png.rf.380ed6452eb9ae7a3e85646d16fe1e42.jpg,FALSE
2017-09-01_3-01-01-mp4-bee_id_2316-49710-1_png.rf.365712c315f13424decba168cf4f5c29.jpg,TRUE
2017-08-28_16-32-55_30_sec-mp4-bee_id_6656-270-1_png.rf.08e5da39bb51fa580679701476fd81cc.jpg,TRUE
2017-09-25_16-03-38-mp4-bee_id_274-3765-1_png.rf.117218bac84085f7599a5b9e2a8724c1.jpg,FALSE
2017-10-17_16-41-10-mp4-bee_id_6900-990-1_png.rf.259853e32e76d9fde4937e207ef72483.jpg,FALSE
2017-10-17_1-39-36-mp4-bee_id_3467-105-1_png.rf.7c139f8def1c21c4f503709768309a1f.jpg,TRUE
2017-08-30_15-42-59-mp4-bee_id_9355-12945-1_png.rf.35fd1cdb38ff0e0439615e50b86bf7a8.jpg,TRUE
2017-09-01_10-54-26-mp4-bee_id_7800-8205-1_png.rf.0c4856a68639b5784c4eaacd8a0a653d.jpg,TRUE
2017-08-28_16-32-55_30_sec-mp4-bee_id_6672-630-1_png.rf.fd0748ef0e1be7f39115d65df25a475d.jpg,TRUE
2017-08-30_15-42-59-mp4-bee_id_9395-16815-1_png.rf.77748fb040b51c98f29b5d68412d1b99.jpg,FALSE
2017-09-25_16-03-38-mp4-bee_id_239-735-1_png.rf.2711735801c7b8cf4c9634a1f1c113fd.jpg,TRUE
2017-08-30_15-42-59-mp4-bee_id_9141-1725-1_png.rf.9bc7a16ed6fd7b7ccc44334a407d7682.jpg,TRUE
2017-08-30_15-42-59-mp4-bee_id_9358-13080-1_png.rf.7304719acb39a2ff45d2204faf0a0df8.jpg,FALSE
2017-10-17_16-41-10-mp4-bee_id_6937-1995-1_png.rf.4e8d6cd868c0420ac747f77797160cec.jpg,FALSE
2017-08-30_15-42-59-mp4-bee_id_9270-6570-1_png.rf.b2d1250f8811aba7fef09bad3db1a0e0.jpg,FALSE
2017-10-17_1-39-36-mp4-bee_id_3519-1350-1_png.rf.ee310cca5d15bcc1da6ea913e581df99.jpg,TRUE
2017-10-17_16-41-10-mp4-bee_id_6959-2820-1_png.rf.007aa40bb500eedc73db233e6775ea11.jpg,FALSE
2017-08-30_15-42-59-mp4-bee_id_9255-5775-1_png.rf.cc35199a77e8a3cdb2086d0bb7c59a5e.jpg,TRUE
2017-08-30_15-42-59-mp4-bee_id_9149-2010-1_png.rf.55c1a601c9187c104463257ae958eb54.jpg,FALSE
